generation,wall_time_s,archive_size,qd_score,max_fitness,mean_fitness,mean_fitness_top_k,extinction_event,trigger_recent_rate,trigger_historical_rate,trigger_ratio,trigger_fired,d_min_recent_volatility,d_min_historical_volatility,d_min_volatility_ratio,d_min_trigger_fired,extinction_remaining_prop,latent_bbox_volume,latent_space_diameter,latent_pca_volume,repertoire_d_min,archive_n_occupied,archive_coverage,archive_occupancy_entropy
5,4.211427688598633,1024,-72323.4375,-13.174542427062988,-70.62835693359375,-51.82183837890625,False,nan,nan,nan,False,nan,nan,nan,False,nan,25426685952.0,54.511478424072266,2057083176353792.0,0.26929986476898193,1024,1.0,2.894252300262451
10,5.185328483581543,1024,-66490.953125,-13.174542427062988,-64.93257141113281,-37.34046936035156,True,nan,nan,nan,False,nan,nan,nan,False,0.05000000074505806,35165569024.0,52.845149993896484,1.2801362626609152e+16,0.41393378376960754,1024,1.0,3.0525331497192383
15,23.41485595703125,1024,-70728.15625,-12.87056827545166,-69.07046508789062,-45.28334426879883,False,nan,nan,nan,False,nan,nan,nan,False,nan,1.3639944791793823,2.105900526046753,13720.533203125,0.045073118060827255,1024,1.0,3.5781941413879395
20,24.3925724029541,1024,-70889.71875,-12.87056827545166,-69.22824096679688,-44.389835357666016,False,nan,nan,nan,False,nan,nan,nan,False,nan,2.295119524002075,2.0484516620635986,61554.6484375,0.06602249294519424,1024,1.0,4.03460168838501
25,25.36122703552246,1024,-70862.421875,-12.87056827545166,-69.20158386230469,-44.39181137084961,False,nan,nan,nan,False,nan,nan,nan,False,nan,3.121547222137451,2.110337734222412,151068.578125,0.07833529263734818,1024,1.0,4.246976375579834
30,26.329830169677734,1024,-70474.5625,-12.570696830749512,-68.82281494140625,-43.2020263671875,True,nan,nan,nan,False,nan,nan,nan,False,0.05000000074505806,3.544680595397949,2.0640532970428467,283846.875,0.08769292384386063,1024,1.0,4.372723579406738
35,43.643245697021484,1024,-71980.546875,-12.570696830749512,-70.29350280761719,-52.207279205322266,False,nan,nan,nan,False,nan,nan,nan,False,nan,45.011226654052734,3.1497955322265625,10098663.0,0.17065609991550446,1024,1.0,3.2572314739227295
40,45.95320129394531,1024,-70267.703125,-12.570696830749512,-68.62080383300781,-49.54990768432617,False,nan,nan,nan,False,nan,nan,nan,False,nan,66.05204772949219,2.8190059661865234,34741236.0,0.20981676876544952,1024,1.0,3.6091418266296387
45,46.94285202026367,1024,-68658.140625,-12.570696830749512,-67.04896545410156,-46.02764892578125,False,nan,nan,nan,False,nan,nan,nan,False,nan,89.63021850585938,2.8190059661865234,67838472.0,0.2277403324842453,1024,1.0,3.7766995429992676
50,47.942569732666016,1024,-67691.6484375,-12.570696830749512,-66.1051254272461,-44.50346755981445,False,nan,nan,nan,False,nan,nan,nan,False,nan,117.06104278564453,3.3054087162017822,109613560.0,0.24450446665287018,1024,1.0,3.889216661453247
55,48.92252731323242,1024,-66818.8828125,-12.458648681640625,-65.25281524658203,-42.648502349853516,False,nan,nan,nan,False,nan,nan,nan,False,nan,123.4135513305664,3.240708827972412,151371792.0,0.25366565585136414,1024,1.0,4.012669086456299
60,51.16060256958008,1024,-65643.125,-12.458648681640625,-64.1046142578125,-40.78558349609375,True,nan,nan,nan,False,nan,nan,nan,False,0.05000000074505806,138.75045776367188,3.3109703063964844,213206608.0,0.26216354966163635,1024,1.0,4.01876974105835
65,62.59206008911133,1024,-69609.921875,-12.280227661132812,-67.97843933105469,-42.0236930847168,False,nan,nan,nan,False,nan,nan,nan,False,nan,1.47770357131958,2.376765251159668,1018602.375,0.10291188955307007,1024,1.0,4.152779579162598
70,63.562522888183594,1024,-69538.953125,-12.280227661132812,-67.90913391113281,-43.01877975463867,False,nan,nan,nan,False,nan,nan,nan,False,nan,4.082697868347168,2.6605255603790283,3984320.75,0.16221459209918976,1024,1.0,4.400585651397705
75,64.54090881347656,1024,-68087.703125,-12.280227661132812,-66.49189758300781,-41.64622116088867,False,nan,nan,nan,False,nan,nan,nan,False,nan,5.479186058044434,2.296861171722412,9764070.0,0.19094939529895782,1024,1.0,4.716555595397949
80,65.52045440673828,1024,-66796.765625,-12.280227661132812,-65.23121643066406,-40.79427719116211,False,nan,nan,nan,False,nan,nan,nan,False,nan,8.034697532653809,2.640799045562744,15056168.0,0.20890305936336517,1024,1.0,4.798017978668213
85,66.50765228271484,1024,-65813.296875,-12.280227661132812,-64.27079772949219,-39.99666213989258,False,nan,nan,nan,False,nan,nan,nan,False,nan,8.079750061035156,2.4666640758514404,18448986.0,0.2162691354751587,1024,1.0,4.848693370819092
90,68.69430541992188,1024,-64372.5234375,-12.280227661132812,-62.863792419433594,-39.42911148071289,False,nan,nan,nan,False,nan,nan,nan,False,nan,8.375568389892578,2.3521947860717773,22157058.0,0.22737987339496613,1024,1.0,4.880823612213135
95,69.67872619628906,1024,-63429.890625,-12.280227661132812,-61.94325256347656,-39.20670700073242,False,nan,nan,nan,False,nan,nan,nan,False,nan,9.992910385131836,2.7121834754943848,26616236.0,0.23653435707092285,1024,1.0,4.811262130737305
100,70.67267608642578,1024,-62373.703125,-12.280227661132812,-60.91181945800781,-39.357398986816406,True,nan,nan,nan,False,nan,nan,nan,False,0.05000000074505806,9.05526065826416,2.5185306072235107,30244164.0,0.24082808196544647,1024,1.0,4.966542720794678
105,87.61444854736328,1024,-68206.953125,-12.280227661132812,-66.60835266113281,-41.73207092285156,False,nan,nan,nan,False,nan,nan,nan,False,nan,311.16455078125,3.234834909439087,213466544.0,0.24741964042186737,1024,1.0,4.822054862976074
110,88.60457611083984,1024,-66285.4609375,-12.280227661132812,-64.73189544677734,-40.83113479614258,False,nan,nan,nan,False,nan,nan,nan,False,nan,475.3092041015625,3.066796064376831,624526912.0,0.31005725264549255,1024,1.0,4.918931484222412
115,89.63014221191406,1024,-63628.40625,-12.280227661132812,-62.137115478515625,-37.948490142822266,False,nan,nan,nan,False,nan,nan,nan,False,nan,668.9953002929688,2.6893134117126465,1217895808.0,0.35123932361602783,1024,1.0,4.905109882354736
120,90.65479278564453,1024,-61744.7734375,-12.280227661132812,-60.297630310058594,-37.90358352661133,False,nan,nan,nan,False,nan,nan,nan,False,nan,857.8209838867188,3.481924533843994,1790932864.0,0.37951353192329407,1024,1.0,4.968448162078857
125,91.67396545410156,1024,-60147.40625,-12.280227661132812,-58.737701416015625,-37.224769592285156,False,nan,nan,nan,False,nan,nan,nan,False,nan,964.6964111328125,3.3351709842681885,2430356224.0,0.39213553071022034,1024,1.0,4.975893020629883
130,93.77928161621094,1024,-58052.0390625,-12.280227661132812,-56.691444396972656,-36.2993049621582,False,nan,nan,nan,False,nan,nan,nan,False,nan,1006.8817138671875,3.143993616104126,2683263488.0,0.4143548011779785,1024,1.0,4.861075401306152
135,94.75956726074219,1024,-56901.15234375,-12.280227661132812,-55.56753158569336,-36.2368049621582,False,nan,nan,nan,False,nan,nan,nan,False,nan,1097.4541015625,3.1316535472869873,3461482496.0,0.4313829839229584,1024,1.0,4.8641886711120605
140,95.74523162841797,1024,-56053.7109375,-12.280227661132812,-54.739952087402344,-35.735172271728516,False,nan,nan,nan,False,nan,nan,nan,False,nan,1158.51611328125,3.494879722595215,3751249664.0,0.4357938766479492,1024,1.0,4.904844760894775
145,96.73255157470703,1024,-55457.265625,-12.280227661132812,-54.15748596191406,-36.009883880615234,False,nan,nan,nan,False,nan,nan,nan,False,nan,1276.9195556640625,3.494879722595215,4546115584.0,0.44782376289367676,1024,1.0,4.929154872894287
150,97.72052764892578,1024,-54550.2890625,-12.280227661132812,-53.271766662597656,-35.85295486450195,True,nan,nan,nan,False,nan,nan,nan,False,0.05000000074505806,1394.8702392578125,3.494879722595215,5113920000.0,0.45221948623657227,1024,1.0,4.867971897125244
155,112.70915222167969,1024,-68217.2421875,-12.280227661132812,-66.61840057373047,-39.40530776977539,False,nan,nan,nan,False,nan,nan,nan,False,nan,115.83882141113281,5.023296356201172,80375392.0,0.21620576083660126,1024,1.0,4.074983596801758
160,113.69157409667969,1024,-65110.94140625,-12.280227661132812,-63.584903717041016,-38.07456588745117,False,nan,nan,nan,False,nan,nan,nan,False,nan,225.310546875,5.0410003662109375,311671904.0,0.2950502634048462,1024,1.0,4.235931396484375
165,114.67416381835938,1024,-60833.078125,-12.280227661132812,-59.40730285644531,-37.37961959838867,False,nan,nan,nan,False,nan,nan,nan,False,nan,282.4880065917969,5.385812759399414,748064576.0,0.3473629653453827,1024,1.0,4.443744659423828
170,115.66114807128906,1024,-59309.95703125,-12.280227661132812,-57.91987991333008,-37.67634201049805,False,nan,nan,nan,False,nan,nan,nan,False,nan,271.37982177734375,5.394034385681152,1167707264.0,0.37655937671661377,1024,1.0,4.729556083679199
175,116.65755462646484,1024,-57940.8125,-12.280227661132812,-56.58282470703125,-37.916046142578125,False,nan,nan,nan,False,nan,nan,nan,False,nan,371.58514404296875,5.3974928855896,1728342912.0,0.3977549970149994,1024,1.0,4.664124488830566
180,118.7266845703125,1024,-56428.43359375,-12.280227661132812,-55.105892181396484,-37.588706970214844,False,nan,nan,nan,False,nan,nan,nan,False,nan,446.5826721191406,5.4886155128479,2136744448.0,0.4150869846343994,1024,1.0,4.645356178283691
185,119.71026611328125,1024,-55393.7578125,-12.280227661132812,-54.09546661376953,-37.14156723022461,False,nan,nan,nan,False,nan,nan,nan,False,nan,475.2275390625,5.294968128204346,2608991232.0,0.425332635641098,1024,1.0,4.702670097351074
190,120.69715118408203,1024,-54912.234375,-12.280227661132812,-53.62522888183594,-36.81122970581055,False,nan,nan,nan,False,nan,nan,nan,False,nan,514.6468505859375,5.450171947479248,3436755712.0,0.43390583992004395,1024,1.0,4.743307590484619
195,121.68490600585938,1024,-54286.65625,-12.280227661132812,-53.014312744140625,-36.484989166259766,False,nan,nan,nan,False,nan,nan,nan,False,nan,603.3026733398438,5.390213966369629,3974897408.0,0.4406541883945465,1024,1.0,4.711014270782471
200,122.67440032958984,1024,-53960.19921875,-12.280227661132812,-52.69550704956055,-36.498416900634766,False,nan,nan,nan,False,nan,nan,nan,False,nan,993.7801513671875,5.354673385620117,4450787840.0,0.4503183364868164,1024,1.0,4.598360061645508
205,123.65812683105469,1024,-53623.640625,-12.280227661132812,-52.36683654785156,-36.22616195678711,False,nan,nan,nan,False,nan,nan,nan,False,nan,1333.850830078125,5.824322700500488,4716292096.0,0.45001617074012756,1024,1.0,4.4147233963012695
210,124.64090728759766,1024,-53273.109375,-12.280227661132812,-52.02452087402344,-36.39167404174805,True,nan,nan,nan,False,nan,nan,nan,False,0.05000000074505806,1418.9693603515625,6.396589756011963,5004672512.0,0.4558854103088379,1024,1.0,4.396554470062256
215,148.98309326171875,1024,-64465.375,-12.280227661132812,-62.9544677734375,-37.669654846191406,False,nan,nan,nan,False,nan,nan,nan,False,nan,1018.628173828125,7.870100975036621,405353344.0,0.2724914848804474,1024,1.0,4.337986469268799
220,149.96974182128906,1024,-60897.359375,-12.280227661132812,-59.47007751464844,-37.4467887878418,False,nan,nan,nan,False,nan,nan,nan,False,nan,3522.22265625,7.780884742736816,1368064384.0,0.34404173493385315,1024,1.0,4.487634658813477
225,150.99314880371094,1024,-58227.53125,-12.280227661132812,-56.862823486328125,-37.0672721862793,False,nan,nan,nan,False,nan,nan,nan,False,nan,6088.65576171875,7.029770851135254,2311101952.0,0.37219175696372986,1024,1.0,4.355496883392334
230,152.0130615234375,1024,-56481.1484375,-12.280227661132812,-55.157371520996094,-36.26628875732422,False,nan,nan,nan,False,nan,nan,nan,False,nan,7766.37353515625,8.847386360168457,3236889600.0,0.38877829909324646,1024,1.0,4.327497959136963
235,153.00567626953125,1024,-55517.515625,-12.280227661132812,-54.21632385253906,-35.81129455566406,False,nan,nan,nan,False,nan,nan,nan,False,nan,14935.2763671875,10.38332462310791,4538469888.0,0.4024392068386078,1024,1.0,4.218348503112793
240,155.27655029296875,1024,-54466.8359375,-12.280227661132812,-53.190269470214844,-35.29997253417969,False,nan,nan,nan,False,nan,nan,nan,False,nan,15119.5927734375,8.504034042358398,5182489088.0,0.408207505941391,1024,1.0,4.220889568328857
245,156.2661590576172,1024,-53922.625,-12.280227661132812,-52.6588134765625,-35.38593292236328,False,nan,nan,nan,False,nan,nan,nan,False,nan,17544.162109375,10.38332462310791,5731005440.0,0.4177701473236084,1024,1.0,4.175738334655762
250,157.2522735595703,1024,-53492.296875,-12.280227661132812,-52.23857116699219,-35.15070343017578,False,nan,nan,nan,False,nan,nan,nan,False,nan,19178.341796875,9.662924766540527,6627230208.0,0.42540737986564636,1024,1.0,4.192177772521973
255,158.23919677734375,1024,-53174.84375,-12.280227661132812,-51.928558349609375,-35.091678619384766,False,nan,nan,nan,False,nan,nan,nan,False,nan,18793.626953125,10.323164939880371,7045866496.0,0.4318031370639801,1024,1.0,4.190281867980957
260,159.2336883544922,1024,-52783.4609375,-12.280227661132812,-51.546348571777344,-35.155113220214844,False,nan,nan,nan,False,nan,nan,nan,False,nan,18633.958984375,9.45596981048584,7325738496.0,0.43606218695640564,1024,1.0,4.216413497924805
265,160.25555419921875,1024,-52334.2578125,-12.280227661132812,-51.10767364501953,-34.552452087402344,False,nan,nan,nan,False,nan,nan,nan,False,nan,18473.693359375,10.323164939880371,7210739200.0,0.4384562075138092,1024,1.0,4.194764614105225
270,161.2504425048828,1024,-52235.09765625,-12.280227661132812,-51.01083755493164,-34.4709358215332,False,nan,nan,nan,False,nan,nan,nan,False,nan,19530.462890625,10.12342643737793,7951462912.0,0.4431008994579315,1024,1.0,4.227851867675781
275,162.23779296875,1024,-51803.15625,-12.280227661132812,-50.589019775390625,-34.03318405151367,False,nan,nan,nan,False,nan,nan,nan,False,nan,18774.126953125,8.781267166137695,7758710272.0,0.4437020719051361,1024,1.0,4.239238739013672
280,163.2243194580078,1024,-51592.28125,-12.280227661132812,-50.383087158203125,-33.80260467529297,True,nan,nan,nan,False,nan,nan,nan,False,0.05000000074505806,18774.126953125,10.12342643737793,8629926912.0,0.44387364387512207,1024,1.0,4.229081630706787
285,174.13278198242188,1024,-68500.140625,-12.280227661132812,-66.89466857910156,-37.24564743041992,False,nan,nan,nan,False,nan,nan,nan,False,nan,792.0228271484375,4.182009696960449,1248504832.0,0.24149930477142334,1024,1.0,3.6866016387939453
290,175.12173461914062,1024,-67493.6484375,-12.280227661132812,-65.9117660522461,-37.063507080078125,False,nan,nan,nan,False,nan,nan,nan,False,nan,1836.95849609375,5.027092456817627,2276945664.0,0.33037278056144714,1024,1.0,3.8247954845428467
295,176.10292053222656,1024,-66371.59375,-12.280227661132812,-64.81600952148438,-36.686370849609375,False,nan,nan,nan,False,nan,nan,nan,False,nan,2210.63330078125,5.027092456817627,3109542912.0,0.36455807089805603,1024,1.0,3.81497859954834
300,177.08384704589844,1024,-64609.38671875,-12.280227661132812,-63.0951042175293,-34.72209930419922,False,nan,nan,nan,False,nan,nan,nan,False,nan,3720.094970703125,4.836663722991943,4066336768.0,0.38696861267089844,1024,1.0,3.6684348583221436
305,178.0638885498047,1024,-62837.9140625,-12.280227661132812,-61.365150451660156,-33.415958404541016,False,nan,nan,nan,False,nan,nan,nan,False,nan,3907.771240234375,5.144921779632568,5043249152.0,0.4066222608089447,1024,1.0,3.7415122985839844
310,180.1404266357422,1024,-61949.671875,-12.280227661132812,-60.49772644042969,-33.395877838134766,False,nan,nan,nan,False,nan,nan,nan,False,nan,4173.3046875,4.542693614959717,5412284928.0,0.41909050941467285,1024,1.0,3.745633125305176
315,181.1212921142578,1024,-60491.65625,-12.280227661132812,-59.073883056640625,-33.20315170288086,False,nan,nan,nan,False,nan,nan,nan,False,nan,13427.1640625,5.051124572753906,8161298432.0,0.4332621991634369,1024,1.0,3.7744312286376953
320,182.10963439941406,1024,-59495.6796875,-12.280227661132812,-58.10124969482422,-33.05442428588867,False,nan,nan,nan,False,nan,nan,nan,False,nan,14298.3212890625,5.0474853515625,9305648128.0,0.44001948833465576,1024,1.0,3.832986831665039
325,183.09365844726562,1024,-59461.92578125,-12.280227661132812,-58.06828689575195,-32.885009765625,False,nan,nan,nan,False,nan,nan,nan,False,nan,14975.626953125,4.7270379066467285,10155287552.0,0.4488004148006439,1024,1.0,3.888662338256836
330,184.08526611328125,1024,-58709.625,-12.280227661132812,-57.3336181640625,-32.18510437011719,False,nan,nan,nan,False,nan,nan,nan,False,nan,15800.3779296875,5.144921779632568,11560364032.0,0.4561077058315277,1024,1.0,3.9006271362304688
335,185.06698608398438,1024,-58118.1875,-12.280227661132812,-56.75604248046875,-31.869646072387695,False,nan,nan,nan,False,nan,nan,nan,False,nan,15490.392578125,6.560915946960449,12017993728.0,0.4635213315486908,1024,1.0,3.9273600578308105
340,186.05738830566406,1024,-57676.203125,-12.280227661132812,-56.32441711425781,-31.713905334472656,False,nan,nan,nan,False,nan,nan,nan,False,nan,18565.8203125,6.560915946960449,13847914496.0,0.4706018269062042,1024,1.0,3.9445488452911377
345,187.04200744628906,1024,-57252.73828125,-12.280227661132812,-55.9108772277832,-31.192424774169922,False,nan,nan,nan,False,nan,nan,nan,False,nan,19559.580078125,4.592033863067627,14909393920.0,0.47204577922821045,1024,1.0,3.944680690765381
350,188.0209197998047,1024,-56939.265625,-12.280227661132812,-55.60475158691406,-30.3234806060791,False,nan,nan,nan,False,nan,nan,nan,False,nan,21353.296875,6.878111362457275,17211484160.0,0.4800322353839874,1024,1.0,3.9510960578918457
355,189.02545166015625,1024,-56757.65234375,-12.280227661132812,-55.42739486694336,-29.82005500793457,False,nan,nan,nan,False,nan,nan,nan,False,nan,22916.1875,6.847404479980469,18435932160.0,0.4815919101238251,1024,1.0,3.948824405670166
360,190.0052490234375,1024,-56953.12109375,-12.280227661132812,-55.618282318115234,-29.94356346130371,True,nan,nan,nan,False,nan,nan,nan,False,0.05000000074505806,23375.001953125,4.456200122833252,19623018496.0,0.4903136193752289,1024,1.0,3.953350305557251
365,221.69467163085938,1024,-64247.7265625,-12.280227661132812,-62.741920471191406,-32.006778717041016,False,nan,nan,nan,False,nan,nan,nan,False,nan,166.3407745361328,3.8392748832702637,3198948.0,0.11697781085968018,1024,1.0,2.5696771144866943
370,222.6807403564453,1024,-61817.265625,-12.280227661132812,-60.36842346191406,-31.49913215637207,False,nan,nan,nan,False,nan,nan,nan,False,nan,235.4318084716797,4.292418479919434,9429515.0,0.14425410330295563,1024,1.0,2.8302760124206543
375,223.66934204101562,1024,-60082.56640625,-12.280227661132812,-58.674381256103516,-30.669841766357422,False,nan,nan,nan,False,nan,nan,nan,False,nan,361.14556884765625,4.450624465942383,18461444.0,0.1616073101758957,1024,1.0,2.9021549224853516
380,224.65966796875,1024,-59533.0703125,-12.280227661132812,-58.13776397705078,-31.737852096557617,False,nan,nan,nan,False,nan,nan,nan,False,nan,757.7459106445312,4.162109851837158,43206892.0,0.17597703635692596,1024,1.0,3.027493715286255
385,225.6417999267578,1024,-58192.171875,-12.280227661132812,-56.82829284667969,-31.066713333129883,False,nan,nan,nan,False,nan,nan,nan,False,nan,803.6173095703125,4.744010925292969,62781372.0,0.18500544130802155,1024,1.0,3.0927469730377197
390,227.7772216796875,1024,-57796.0390625,-12.280227661132812,-56.441444396972656,-31.37090301513672,False,nan,nan,nan,False,nan,nan,nan,False,nan,814.1735229492188,6.059413433074951,80021472.0,0.19252799451351166,1024,1.0,3.215369939804077
395,228.75851440429688,1024,-57528.40625,-12.280227661132812,-56.180084228515625,-32.11330032348633,False,nan,nan,nan,False,nan,nan,nan,False,nan,1206.64794921875,5.480973720550537,130362744.0,0.20262674987316132,1024,1.0,3.3049840927124023
400,229.7384490966797,1024,-57189.26171875,-12.280227661132812,-55.8488883972168,-31.669843673706055,False,nan,nan,nan,False,nan,nan,nan,False,nan,1305.2322998046875,5.480973720550537,151756880.0,0.20805805921554565,1024,1.0,3.388577938079834
405,230.71923828125,1024,-56578.625,-12.280227661132812,-55.2525634765625,-30.895526885986328,False,nan,nan,nan,False,nan,nan,nan,False,nan,1356.216064453125,5.275956153869629,180163760.0,0.21499653160572052,1024,1.0,3.518528699874878
410,231.70355224609375,1024,-56918.19921875,-12.280227661132812,-55.58417892456055,-31.605297088623047,False,nan,nan,nan,False,nan,nan,nan,False,nan,1616.4915771484375,6.196120738983154,205520816.0,0.21988900005817413,1024,1.0,3.5498545169830322
415,232.6835479736328,1024,-56558.640625,-12.280227661132812,-55.23304748535156,-31.501678466796875,False,nan,nan,nan,False,nan,nan,nan,False,nan,2141.893310546875,6.196120738983154,264167104.0,0.22702419757843018,1024,1.0,3.6024672985076904
420,233.664794921875,1024,-56498.00390625,-12.280227661132812,-55.173831939697266,-31.31238555908203,False,nan,nan,nan,False,nan,nan,nan,False,nan,2304.3779296875,6.197683334350586,290069824.0,0.23217706382274628,1024,1.0,3.6692211627960205
425,234.64498901367188,1024,-56393.46875,-12.280227661132812,-55.071746826171875,-31.749338150024414,False,nan,nan,nan,False,nan,nan,nan,False,nan,2678.40771484375,6.823367118835449,323179104.0,0.23447830975055695,1024,1.0,3.713181972503662
430,235.62513732910156,1024,-56122.6484375,-12.280227661132812,-54.807273864746094,-31.39181137084961,False,nan,nan,nan,False,nan,nan,nan,False,nan,2858.723388671875,6.539516448974609,382583552.0,0.23930947482585907,1024,1.0,3.799400806427002
435,236.6091766357422,1024,-55786.95703125,-12.280227661132812,-54.47945022583008,-31.6063175201416,False,nan,nan,nan,False,nan,nan,nan,False,nan,2858.723388671875,6.539516448974609,410143200.0,0.24386794865131378,1024,1.0,3.8448708057403564
440,237.595703125,1024,-56044.1171875,-12.280227661132812,-54.73058319091797,-32.3068962097168,False,nan,nan,nan,False,nan,nan,nan,False,nan,3044.802978515625,6.056336879730225,499437056.0,0.24575383961200714,1024,1.0,3.8444859981536865
445,238.5783233642578,1024,-56099.875,-12.280227661132812,-54.7850341796875,-32.4362678527832,False,nan,nan,nan,False,nan,nan,nan,False,nan,2911.316162109375,6.059413433074951,512499136.0,0.24922704696655273,1024,1.0,3.846576690673828
450,239.55865478515625,1024,-56187.1953125,-12.280227661132812,-54.87030792236328,-32.63652038574219,True,nan,nan,nan,False,nan,nan,nan,False,0.05000000074505806,3026.580810546875,5.934257507324219,535744096.0,0.2524365484714508,1024,1.0,3.908114194869995
455,267.6707458496094,1024,-61969.9375,-12.280227661132812,-60.51751708984375,-27.773534774780273,False,nan,nan,nan,False,nan,nan,nan,False,nan,0.029193926602602005,1.982164740562439,2974.909423828125,0.06523143500089645,1024,1.0,4.13498592376709
460,268.6581115722656,1024,-59606.83984375,-12.280227661132812,-58.20980453491211,-26.461212158203125,False,nan,nan,nan,False,nan,nan,nan,False,nan,0.039352044463157654,1.6465035676956177,10420.125,0.08302845805883408,1024,1.0,4.368638038635254
465,269.64990234375,1024,-58709.40625,-12.280227661132812,-57.333404541015625,-26.867761611938477,False,nan,nan,nan,False,nan,nan,nan,False,nan,0.07618449628353119,1.7199015617370605,22411.326171875,0.0920008048415184,1024,1.0,4.411991119384766
470,270.6703796386719,1024,-58357.3203125,-12.280227661132812,-56.98957061767578,-27.359880447387695,False,nan,nan,nan,False,nan,nan,nan,False,nan,0.08267079293727875,2.144923686981201,40903.98828125,0.09954627603292465,1024,1.0,4.507778644561768
475,271.6889343261719,1024,-57877.1875,-12.280227661132812,-56.52069091796875,-27.164920806884766,False,nan,nan,nan,False,nan,nan,nan,False,nan,0.11204147338867188,2.1176373958587646,58502.71875,0.10491818189620972,1024,1.0,4.465725898742676
480,273.8356018066406,1024,-58026.5859375,-12.280227661132812,-56.666587829589844,-27.683650970458984,False,nan,nan,nan,False,nan,nan,nan,False,nan,0.14346499741077423,2.1741318702697754,78648.4453125,0.10927481204271317,1024,1.0,4.550347805023193
485,274.8211975097656,1024,-57539.68359375,-12.280227661132812,-56.191097259521484,-27.45046615600586,False,nan,nan,nan,False,nan,nan,nan,False,nan,0.20232029259204865,2.60180401802063,94853.46875,0.11355289071798325,1024,1.0,4.535571098327637
490,275.8041687011719,1024,-57268.2421875,-12.280227661132812,-55.92601776123047,-27.299591064453125,False,nan,nan,nan,False,nan,nan,nan,False,nan,0.366493821144104,2.144923686981201,116882.5390625,0.11707538366317749,1024,1.0,4.532538890838623
495,276.7894287109375,1024,-57124.52734375,-12.280227661132812,-55.78567123413086,-26.83675193786621,False,nan,nan,nan,False,nan,nan,nan,False,nan,0.38170015811920166,2.194841146469116,141652.46875,0.12024056166410446,1024,1.0,4.480416297912598
500,277.8088684082031,1024,-57254.640625,-12.280227661132812,-55.91273498535156,-26.54865264892578,False,nan,nan,nan,False,nan,nan,nan,False,nan,0.48346656560897827,2.224027156829834,142373.484375,0.12201347202062607,1024,1.0,4.4546308517456055
505,278.79083251953125,1024,-57287.0,-12.280227661132812,-55.9443359375,-26.869888305664062,False,nan,nan,nan,False,nan,nan,nan,False,nan,0.6404557824134827,2.1920557022094727,175243.921875,0.12367266416549683,1024,1.0,4.471860408782959
510,279.77142333984375,1024,-57189.140625,-12.280227661132812,-55.84877014160156,-27.438753128051758,False,nan,nan,nan,False,nan,nan,nan,False,nan,1.0865111351013184,2.295410633087158,211632.96875,0.1278761774301529,1024,1.0,4.34277868270874
515,280.7552490234375,1024,-56483.90625,-12.280227661132812,-55.160064697265625,-26.75821304321289,False,nan,nan,nan,False,nan,nan,nan,False,nan,1.0865111351013184,2.2643702030181885,252415.21875,0.13062183558940887,1024,1.0,4.366275787353516
520,281.75396728515625,1024,-56442.359375,-12.280227661132812,-55.11949157714844,-26.515518188476562,False,nan,nan,nan,False,nan,nan,nan,False,nan,1.2456241846084595,2.183352470397949,289336.59375,0.13122053444385529,1024,1.0,4.340629577636719
525,282.7469177246094,1024,-56156.0234375,-12.280227661132812,-54.839866638183594,-26.31540870666504,False,nan,nan,nan,False,nan,nan,nan,False,nan,2.1163876056671143,2.4652678966522217,350946.15625,0.13537226617336273,1024,1.0,4.095956802368164
530,283.73443603515625,1024,-56317.24609375,-12.280227661132812,-54.997310638427734,-26.504257202148438,False,nan,nan,nan,False,nan,nan,nan,False,nan,2.3506741523742676,2.821439504623413,393261.25,0.13745740056037903,1024,1.0,3.998222827911377
535,284.7171936035156,1024,-56235.9921875,-12.280227661132812,-54.91796112060547,-26.307397842407227,False,nan,nan,nan,False,nan,nan,nan,False,nan,2.3506741523742676,2.4652678966522217,417774.96875,0.13745802640914917,1024,1.0,3.9930057525634766
540,285.70062255859375,1024,-56183.28125,-12.280227661132812,-54.866485595703125,-26.552005767822266,False,nan,nan,nan,False,nan,nan,nan,False,nan,3.4061238765716553,2.36662220954895,503363.5625,0.14008085429668427,1024,1.0,3.904134750366211
545,286.684326171875,1024,-55996.70703125,-12.280227661132812,-54.68428421020508,-26.476463317871094,False,nan,nan,nan,False,nan,nan,nan,False,nan,3.656388759613037,2.3997673988342285,558920.8125,0.14272278547286987,1024,1.0,3.9155964851379395
550,287.66876220703125,1024,-56304.640625,-12.280227661132812,-54.98500061035156,-26.915367126464844,True,nan,nan,nan,False,nan,nan,nan,False,0.05000000074505806,3.717710018157959,2.4670557975769043,619179.9375,0.14252246916294098,1024,1.0,3.9322433471679688
555,305.80474853515625,1024,-56992.43359375,-12.280227661132812,-55.656673431396484,-23.922754287719727,False,nan,nan,nan,False,nan,nan,nan,False,nan,1.8322997093200684,3.481051206588745,1137999.5,0.1371636539697647,1024,1.0,3.9209659099578857
560,306.8292541503906,1024,-54598.41796875,-12.280227661132812,-53.31876754760742,-22.558584213256836,False,nan,nan,nan,False,nan,nan,nan,False,nan,2.472496509552002,4.343372344970703,2459307.5,0.16856680810451508,1024,1.0,3.890685558319092
565,307.8261413574219,1024,-52719.2890625,-12.280227661132812,-51.483680725097656,-22.00018310546875,False,nan,nan,nan,False,nan,nan,nan,False,nan,4.781354904174805,4.266462802886963,3333474.25,0.18516749143600464,1024,1.0,3.9074575901031494
570,308.82708740234375,1024,-51656.04296875,-12.280227661132812,-50.44535446166992,-21.36760139465332,False,nan,nan,nan,False,nan,nan,nan,False,nan,4.883407115936279,4.266462802886963,4609927.5,0.19289366900920868,1024,1.0,3.9625942707061768
575,309.8137512207031,1024,-50635.4765625,-12.280227661132812,-49.448707580566406,-20.814685821533203,False,nan,nan,nan,False,nan,nan,nan,False,nan,6.727047920227051,4.162516117095947,5516316.5,0.198114275932312,1024,1.0,4.041965007781982
580,311.9886474609375,1024,-49765.0234375,-12.280227661132812,-48.598655700683594,-20.4929256439209,False,nan,nan,nan,False,nan,nan,nan,False,nan,9.030348777770996,4.261890888214111,5963079.0,0.19994324445724487,1024,1.0,4.093562602996826
585,313.0054931640625,1024,-49478.1796875,-12.280227661132812,-48.31853485107422,-20.115360260009766,False,nan,nan,nan,False,nan,nan,nan,False,nan,8.465154647827148,4.432433605194092,6561515.0,0.20488739013671875,1024,1.0,4.13630485534668
590,314.0413818359375,1024,-48901.734375,-12.280227661132812,-47.75559997558594,-19.23379135131836,False,nan,nan,nan,False,nan,nan,nan,False,nan,10.763914108276367,5.239957809448242,7950273.0,0.2111191302537918,1024,1.0,4.133262634277344
595,315.0244140625,1024,-48656.5,0.0,-47.51611328125,-19.807865142822266,False,nan,nan,nan,False,nan,nan,nan,False,nan,11.899725914001465,4.663119792938232,8388553.0,0.20993627607822418,1024,1.0,4.158021926879883
600,316.05975341796875,1024,-48986.96875,0.0,-47.838836669921875,-19.609285354614258,False,nan,nan,nan,False,nan,nan,nan,False,nan,10.346745491027832,4.0489630699157715,9121569.0,0.21075934171676636,1024,1.0,4.147449493408203
605,317.0546875,1024,-48190.90234375,0.0,-47.06142807006836,-19.09830665588379,False,nan,nan,nan,False,nan,nan,nan,False,nan,14.162678718566895,4.576442718505859,9880701.0,0.2162647843360901,1024,1.0,4.143450736999512
610,318.0776672363281,1024,-47505.0546875,0.0,-46.39165496826172,-18.377660751342773,False,nan,nan,nan,False,nan,nan,nan,False,nan,12.870675086975098,5.321048259735107,10986272.0,0.21893243491649628,1024,1.0,4.182905673980713
615,319.08001708984375,1024,-47703.4453125,0.0,-46.58539581298828,-18.4017391204834,False,nan,nan,nan,False,nan,nan,nan,False,nan,15.035643577575684,5.012598514556885,11055757.0,0.21687717735767365,1024,1.0,4.167215824127197
620,320.1134338378906,1024,-47772.98046875,0.0,-46.65330123901367,-18.054662704467773,False,nan,nan,nan,False,nan,nan,nan,False,nan,18.125883102416992,4.932796955108643,11895150.0,0.2208315134048462,1024,1.0,4.161428451538086
625,321.10125732421875,1024,-47604.09375,0.0,-46.488372802734375,-17.477502822875977,False,nan,nan,nan,False,nan,nan,nan,False,nan,20.34001922607422,5.321048259735107,12134581.0,0.2221779078245163,1024,1.0,4.170399188995361
630,322.0885925292969,1024,-47691.4296875,0.0,-46.57366180419922,-17.497068405151367,False,nan,nan,nan,False,nan,nan,nan,False,nan,20.34734535217285,4.774947166442871,12102208.0,0.22371919453144073,1024,1.0,4.151899814605713
635,323.121337890625,1024,-47735.08203125,0.0,-46.61629104614258,-17.66744041442871,False,nan,nan,nan,False,nan,nan,nan,False,nan,20.432575225830078,5.246220111846924,12734326.0,0.2201720029115677,1024,1.0,4.151889324188232
640,324.1138916015625,1024,-47821.61328125,0.0,-46.7007942199707,-17.729084014892578,False,nan,nan,nan,False,nan,nan,nan,False,nan,19.399425506591797,4.926488876342773,12964731.0,0.22150199115276337,1024,1.0,4.17046594619751
645,325.1485595703125,1024,-47512.0625,0.0,-46.39849853515625,-17.782634735107422,False,nan,nan,nan,False,nan,nan,nan,False,nan,20.40693473815918,5.012598514556885,13094079.0,0.2257041484117508,1024,1.0,4.168297290802002
650,326.1561584472656,1024,-47321.59375,0.0,-46.212493896484375,-17.437307357788086,False,nan,nan,nan,False,nan,nan,nan,False,nan,21.550369262695312,4.932796955108643,13558679.0,0.22548969089984894,1024,1.0,4.204858779907227
655,327.1423645019531,1024,-47276.484375,0.0,-46.16844177246094,-17.191625595092773,False,nan,nan,nan,False,nan,nan,nan,False,nan,20.1179256439209,5.321048259735107,13811889.0,0.22561882436275482,1024,1.0,4.2077226638793945
660,328.1562805175781,1024,-46853.19140625,0.0,-45.755069732666016,-16.919784545898438,True,nan,nan,nan,False,nan,nan,nan,False,0.05000000074505806,23.338056564331055,4.334000110626221,13748710.0,0.23172490298748016,1024,1.0,4.229510307312012
665,348.2751159667969,1024,-56094.8828125,0.0,-54.78015899658203,-23.373455047607422,False,nan,nan,nan,False,nan,nan,nan,False,nan,9186.3662109375,6.012848377227783,333737728.0,0.14037445187568665,1024,1.0,3.229534149169922
670,349.2600402832031,1024,-53940.56640625,0.0,-52.676334381103516,-21.19314956665039,False,nan,nan,nan,False,nan,nan,nan,False,nan,19528.78125,9.020564079284668,1229965312.0,0.18798679113388062,1024,1.0,3.3291678428649902
675,350.24554443359375,1024,-53423.3203125,0.0,-52.17121124267578,-19.997596740722656,False,nan,nan,nan,False,nan,nan,nan,False,nan,24014.3828125,12.833181381225586,2823141888.0,0.2092105895280838,1024,1.0,3.401055097579956
680,351.23052978515625,1024,-53562.71484375,0.0,-52.30733871459961,-19.60384178161621,False,nan,nan,nan,False,nan,nan,nan,False,nan,41894.0859375,8.801116943359375,4578993152.0,0.2228521704673767,1024,1.0,3.3899426460266113
685,352.2183837890625,1024,-53284.484375,0.0,-52.03562927246094,-20.008251190185547,False,nan,nan,nan,False,nan,nan,nan,False,nan,61152.29296875,12.819045066833496,8901219328.0,0.23431424796581268,1024,1.0,3.1688425540924072
690,354.4180908203125,1024,-53537.35546875,0.0,-52.28257369995117,-20.218320846557617,False,nan,nan,nan,False,nan,nan,nan,False,nan,64974.8515625,12.837034225463867,11438326784.0,0.2436234951019287,1024,1.0,3.2550928592681885
695,355.4018249511719,1024,-53138.1484375,0.0,-51.892723083496094,-19.929683685302734,False,nan,nan,nan,False,nan,nan,nan,False,nan,74194.71875,12.683086395263672,14466639872.0,0.25035199522972107,1024,1.0,3.299462080001831
700,356.3883972167969,1024,-53716.96875,0.0,-52.457977294921875,-21.07816505432129,False,nan,nan,nan,False,nan,nan,nan,False,nan,69325.078125,12.822688102722168,17522370560.0,0.26110172271728516,1024,1.0,3.295844316482544
705,357.3796691894531,1024,-53938.88671875,0.0,-52.6746940612793,-21.306264877319336,False,nan,nan,nan,False,nan,nan,nan,False,nan,78251.40625,12.835882186889648,22812125184.0,0.266559362411499,1024,1.0,3.204375743865967
710,358.36767578125,1024,-53963.07421875,0.0,-52.69831466674805,-21.294845581054688,False,nan,nan,nan,False,nan,nan,nan,False,nan,92321.1484375,11.738139152526855,31440885760.0,0.275228887796402,1024,1.0,3.2422428131103516
715,359.35614013671875,1024,-54129.78125,0.0,-52.861114501953125,-21.852270126342773,False,nan,nan,nan,False,nan,nan,nan,False,nan,91553.6171875,12.835882186889648,39133372416.0,0.28247860074043274,1024,1.0,3.3237061500549316
720,360.34320068359375,1024,-54250.30859375,0.0,-52.978816986083984,-21.423416137695312,False,nan,nan,nan,False,nan,nan,nan,False,nan,125665.390625,13.953699111938477,47061635072.0,0.2870434522628784,1024,1.0,3.32570219039917
725,361.328125,1024,-54371.5703125,0.0,-53.09723663330078,-21.804244995117188,False,nan,nan,nan,False,nan,nan,nan,False,nan,138789.859375,12.777121543884277,58494730240.0,0.29557129740715027,1024,1.0,3.371903419494629
730,362.31085205078125,1024,-54291.2109375,0.0,-53.018760681152344,-22.158893585205078,False,nan,nan,nan,False,nan,nan,nan,False,nan,138789.859375,13.953699111938477,62339448832.0,0.2990448474884033,1024,1.0,3.375156879425049
735,363.2953186035156,1024,-54845.66015625,0.0,-53.56021499633789,-23.345531463623047,False,nan,nan,nan,False,nan,nan,nan,False,nan,138787.265625,13.967645645141602,64910536704.0,0.3028036653995514,1024,1.0,3.393698215484619
740,364.279296875,1024,-54861.625,0.0,-53.5758056640625,-23.276453018188477,False,nan,nan,nan,False,nan,nan,nan,False,nan,161252.703125,12.860795974731445,73020760064.0,0.3064670264720917,1024,1.0,3.4753236770629883
745,365.2681884765625,1024,-55110.546875,0.0,-53.81889343261719,-23.86197280883789,False,nan,nan,nan,False,nan,nan,nan,False,nan,163505.203125,12.447317123413086,84792492032.0,0.31314414739608765,1024,1.0,3.4275577068328857
750,366.2635498046875,1024,-54780.90234375,0.0,-53.49697494506836,-23.598546981811523,False,nan,nan,nan,False,nan,nan,nan,False,nan,144381.15625,12.42801284790039,90230145024.0,0.31950706243515015,1024,1.0,3.5402491092681885
755,367.24444580078125,1024,-54881.34375,0.0,-53.595062255859375,-23.988466262817383,False,nan,nan,nan,False,nan,nan,nan,False,nan,144384.8125,12.467379570007324,101721726976.0,0.3191032409667969,1024,1.0,3.5333852767944336
760,368.2240295410156,1024,-54630.3828125,0.0,-53.34998321533203,-23.524211883544922,False,nan,nan,nan,False,nan,nan,nan,False,nan,172074.71875,13.912409782409668,102362390528.0,0.3269488513469696,1024,1.0,3.4753167629241943
765,369.21356201171875,1024,-54750.58203125,0.0,-53.46736526489258,-23.967130661010742,False,nan,nan,nan,False,nan,nan,nan,False,nan,202211.625,13.951562881469727,112259883008.0,0.3281468152999878,1024,1.0,3.504659414291382
770,370.1972351074219,1024,-55023.01171875,0.0,-53.7334098815918,-24.700153350830078,False,nan,nan,nan,False,nan,nan,nan,False,nan,202211.625,13.99679183959961,125246070784.0,0.33103522658348083,1024,1.0,3.5168726444244385
775,371.1863708496094,1024,-55203.58203125,0.0,-53.90974807739258,-25.078975677490234,False,nan,nan,nan,False,nan,nan,nan,False,nan,202211.625,14.120792388916016,136794947584.0,0.32774585485458374,1024,1.0,3.52840256690979
780,372.17071533203125,1024,-55251.0546875,0.0,-53.95610809326172,-25.355730056762695,True,nan,nan,nan,False,nan,nan,nan,False,0.05000000074505806,202151.125,13.864519119262695,143258697728.0,0.3407374918460846,1024,1.0,3.519399881362915
785,393.4491271972656,1024,-56526.265625,0.0,-55.20143127441406,-22.779077529907227,False,nan,nan,nan,False,nan,nan,nan,False,nan,0.011513729579746723,1.4159601926803589,4488.50146484375,0.0644296333193779,1024,1.0,3.6755003929138184
790,394.443603515625,1024,-53719.80078125,0.0,-52.46074295043945,-20.61851692199707,False,nan,nan,nan,False,nan,nan,nan,False,nan,0.012504801154136658,1.3100776672363281,6655.54443359375,0.08697351068258286,1024,1.0,3.9311442375183105
795,395.4255065917969,1024,-51850.9375,0.0,-50.63568115234375,-19.724369049072266,False,nan,nan,nan,False,nan,nan,nan,False,nan,0.024722127243876457,1.1864807605743408,11074.4755859375,0.09674349427223206,1024,1.0,3.949220895767212
800,396.4073181152344,1024,-50862.4921875,0.0,-49.67040252685547,-19.525659561157227,False,nan,nan,nan,False,nan,nan,nan,False,nan,0.03560750558972359,1.2606755495071411,13339.2001953125,0.10177137702703476,1024,1.0,3.9444003105163574
805,397.3907470703125,1024,-50157.94921875,0.0,-48.98237228393555,-18.72894859313965,False,nan,nan,nan,False,nan,nan,nan,False,nan,0.03595811501145363,1.499231219291687,16535.33984375,0.10635007172822952,1024,1.0,4.007673740386963
810,399.4796142578125,1024,-49790.3671875,0.0,-48.62340545654297,-18.625518798828125,False,nan,nan,nan,False,nan,nan,nan,False,nan,0.041110891848802567,1.3981177806854248,18746.107421875,0.1085403561592102,1024,1.0,4.099420070648193
815,400.4564208984375,1024,-49892.51953125,0.0,-48.72316360473633,-18.515174865722656,False,nan,nan,nan,False,nan,nan,nan,False,nan,0.04207263141870499,1.4025529623031616,20890.21484375,0.11177780479192734,1024,1.0,4.157893180847168
820,401.45526123046875,1024,-49813.71484375,0.0,-48.64620590209961,-18.369640350341797,False,nan,nan,nan,False,nan,nan,nan,False,nan,0.04745089262723923,1.492443323135376,25520.326171875,0.11433431506156921,1024,1.0,4.226519584655762
825,402.4464111328125,1024,-49452.51953125,0.0,-48.29347610473633,-18.065202713012695,False,nan,nan,nan,False,nan,nan,nan,False,nan,0.04683864861726761,1.5307362079620361,28245.318359375,0.1167108416557312,1024,1.0,4.238166809082031
830,403.4298095703125,1024,-49768.4921875,0.0,-48.60204315185547,-18.07032012939453,False,nan,nan,nan,False,nan,nan,nan,False,nan,0.05354186147451401,1.5601171255111694,32747.16015625,0.11813231557607651,1024,1.0,4.317873001098633
835,404.4106750488281,1024,-49929.76953125,0.0,-48.75954055786133,-18.020313262939453,False,nan,nan,nan,False,nan,nan,nan,False,nan,0.05688584968447685,1.492443323135376,33951.5703125,0.11974290758371353,1024,1.0,4.233814716339111
840,405.39349365234375,1024,-49520.3125,0.0,-48.35968017578125,-17.932567596435547,False,nan,nan,nan,False,nan,nan,nan,False,nan,0.06377855688333511,1.4480561017990112,37812.29296875,0.12076422572135925,1024,1.0,4.1938300132751465
845,406.3788146972656,1024,-49122.25,0.0,-47.970947265625,-17.906599044799805,False,nan,nan,nan,False,nan,nan,nan,False,nan,0.06582940369844437,1.4929674863815308,39064.7109375,0.12149383872747421,1024,1.0,4.217942714691162
850,407.3629150390625,1024,-49307.828125,0.0,-48.15217590332031,-17.70905303955078,False,nan,nan,nan,False,nan,nan,nan,False,nan,0.06408107280731201,1.5601171255111694,41510.83984375,0.12483183294534683,1024,1.0,4.258782863616943
855,408.3490295410156,1024,-49167.4609375,0.0,-48.015098571777344,-17.65113639831543,False,nan,nan,nan,False,nan,nan,nan,False,nan,0.06782753020524979,1.5477174520492554,45388.79296875,0.127030149102211,1024,1.0,4.282206058502197
860,409.3356628417969,1024,-49225.78125,0.0,-48.072052001953125,-17.70168113708496,False,nan,nan,nan,False,nan,nan,nan,False,nan,0.07442006468772888,1.4756989479064941,48051.4140625,0.12587131559848785,1024,1.0,4.3259382247924805
865,410.31707763671875,1024,-49333.0,0.0,-48.1767578125,-17.875946044921875,False,nan,nan,nan,False,nan,nan,nan,False,nan,0.13684839010238647,1.4231972694396973,55018.80859375,0.12801295518875122,1024,1.0,4.37677526473999
870,411.3003845214844,1024,-49909.9140625,0.0,-48.740150451660156,-17.899023056030273,False,nan,nan,nan,False,nan,nan,nan,False,nan,0.1562424749135971,1.3765796422958374,63086.84765625,0.1301104873418808,1024,1.0,4.344326019287109
875,412.2823791503906,1024,-49497.796875,0.0,-48.33769226074219,-17.475818634033203,False,nan,nan,nan,False,nan,nan,nan,False,nan,0.16250817477703094,1.4600557088851929,70197.3125,0.13169114291667938,1024,1.0,4.345810890197754
880,413.2646484375,1024,-49214.65625,0.0,-48.061187744140625,-17.047374725341797,False,nan,nan,nan,False,nan,nan,nan,False,nan,0.16025210916996002,1.5106046199798584,68829.8359375,0.1306198686361313,1024,1.0,4.309065818786621
885,414.2513427734375,1024,-49609.05078125,0.0,-48.44633865356445,-17.256546020507812,False,nan,nan,nan,False,nan,nan,nan,False,nan,0.16225767135620117,1.4838848114013672,75197.2265625,0.1315407156944275,1024,1.0,4.297548770904541
890,415.23095703125,1024,-49409.125,0.0,-48.2510986328125,-17.003463745117188,False,nan,nan,nan,False,nan,nan,nan,False,nan,0.18163147568702698,1.4109646081924438,83749.6015625,0.1347668319940567,1024,1.0,4.324554443359375
895,416.2116394042969,1024,-49270.75,0.0,-48.115966796875,-17.106359481811523,False,nan,nan,nan,False,nan,nan,nan,False,nan,0.1785782426595688,1.462873935699463,89107.71875,0.13470862805843353,1024,1.0,4.365851879119873
900,417.1968078613281,1024,-49040.0859375,0.0,-47.890708923339844,-17.039255142211914,False,nan,nan,nan,False,nan,nan,nan,False,nan,0.17702455818653107,1.5297999382019043,87561.0,0.13564497232437134,1024,1.0,4.354674339294434
905,418.1794128417969,1024,-49185.515625,0.0,-48.03273010253906,-17.256929397583008,False,nan,nan,nan,False,nan,nan,nan,False,nan,0.17702455818653107,1.462658405303955,88067.78125,0.13690824806690216,1024,1.0,4.373507976531982
910,419.165283203125,1024,-49071.984375,0.0,-47.92185974121094,-17.43079376220703,True,nan,nan,nan,False,nan,nan,nan,False,0.05000000074505806,0.19429033994674683,1.5089777708053589,92121.625,0.1387961059808731,1024,1.0,4.376114368438721
915,445.3351135253906,1024,-51347.40625,0.0,-50.143951416015625,-20.017654418945312,False,nan,nan,nan,False,nan,nan,nan,False,nan,4833.97216796875,6.87164831161499,378520352.0,0.2140216827392578,1024,1.0,4.678430557250977
920,446.31951904296875,1024,-49029.25,0.0,-47.880126953125,-18.59317398071289,False,nan,nan,nan,False,nan,nan,nan,False,nan,9574.9462890625,11.977145195007324,1296135296.0,0.30919891595840454,1024,1.0,4.663908004760742
925,447.3139343261719,1024,-48168.8359375,0.0,-47.039878845214844,-17.54615592956543,False,nan,nan,nan,False,nan,nan,nan,False,nan,23759.177734375,9.983717918395996,2679867648.0,0.33952412009239197,1024,1.0,4.736739158630371
930,448.3044128417969,1024,-47887.625,0.0,-46.7652587890625,-17.135629653930664,False,nan,nan,nan,False,nan,nan,nan,False,nan,37905.8046875,9.262031555175781,3793184256.0,0.3546868860721588,1024,1.0,4.846236228942871
935,449.29425048828125,1024,-47274.0078125,0.0,-46.16602325439453,-16.556529998779297,False,nan,nan,nan,False,nan,nan,nan,False,nan,41475.55078125,11.388971328735352,5552974336.0,0.3696187436580658,1024,1.0,4.843125343322754
940,451.6344299316406,1024,-47723.01171875,0.0,-46.6045036315918,-16.548107147216797,False,nan,nan,nan,False,nan,nan,nan,False,nan,49724.37109375,11.388971328735352,8065478144.0,0.3814767599105835,1024,1.0,4.86099910736084
945,452.6424255371094,1024,-47592.1875,0.0,-46.47674560546875,-16.424528121948242,False,nan,nan,nan,False,nan,nan,nan,False,nan,68685.3046875,10.758753776550293,10098854912.0,0.3932519257068634,1024,1.0,4.823107719421387
950,453.6322021484375,1024,-46970.6796875,0.0,-45.86980438232422,-16.052154541015625,False,nan,nan,nan,False,nan,nan,nan,False,nan,69749.5625,11.393431663513184,11561109504.0,0.39846041798591614,1024,1.0,4.8478169441223145
955,454.61376953125,1024,-47405.046875,0.0,-46.29399108886719,-16.101211547851562,False,nan,nan,nan,False,nan,nan,nan,False,nan,72349.8515625,11.977145195007324,14442017792.0,0.40517544746398926,1024,1.0,4.85556697845459
960,455.5921630859375,1024,-47398.86328125,0.0,-46.2879524230957,-15.890958786010742,False,nan,nan,nan,False,nan,nan,nan,False,nan,71897.8125,11.584709167480469,17219700736.0,0.414396196603775,1024,1.0,4.861208438873291
965,456.5953369140625,1024,-47239.5,0.0,-46.13232421875,-15.991400718688965,False,nan,nan,nan,False,nan,nan,nan,False,nan,93444.1328125,11.977145195007324,21479655424.0,0.41312623023986816,1024,1.0,4.879559516906738
970,457.5705871582031,1024,-46769.3828125,0.0,-45.67322540283203,-15.446005821228027,False,nan,nan,nan,False,nan,nan,nan,False,nan,96147.7734375,11.973978042602539,23398606848.0,0.4221435487270355,1024,1.0,4.911126613616943
975,458.55712890625,1024,-46804.6328125,0.0,-45.70764923095703,-15.040605545043945,False,nan,nan,nan,False,nan,nan,nan,False,nan,94585.3125,11.584709167480469,24059127808.0,0.42137205600738525,1024,1.0,4.904052734375
980,459.5380859375,1024,-46456.8671875,0.0,-45.36803436279297,-14.872044563293457,False,nan,nan,nan,False,nan,nan,nan,False,nan,96855.140625,10.655037879943848,25490438144.0,0.4268685281276703,1024,1.0,4.917861461639404
985,460.5061340332031,1024,-46089.46875,0.0,-45.009246826171875,-14.475062370300293,False,nan,nan,nan,False,nan,nan,nan,False,nan,109206.5703125,11.750986099243164,27926423552.0,0.4360616207122803,1024,1.0,4.9324798583984375
990,461.4834899902344,1024,-46253.5625,0.0,-45.16949462890625,-14.204221725463867,False,nan,nan,nan,False,nan,nan,nan,False,nan,114606.265625,11.977145195007324,27957823488.0,0.44211098551750183,1024,1.0,4.951338291168213
995,462.4632873535156,1024,-45882.63671875,0.0,-44.8072624206543,-14.239739418029785,False,nan,nan,nan,False,nan,nan,nan,False,nan,120091.0390625,12.875200271606445,30849978368.0,0.44219350814819336,1024,1.0,4.959626197814941
1000,463.4427795410156,1024,-45525.71484375,0.0,-44.45870590209961,-14.1878080368042,False,nan,nan,nan,False,nan,nan,nan,False,nan,155206.15625,11.444704055786133,33248270336.0,0.4357767403125763,1024,1.0,4.939956188201904
1005,464.4185791015625,1024,-45249.375,0.0,-44.1888427734375,-13.706830024719238,False,nan,nan,nan,False,nan,nan,nan,False,nan,204945.515625,11.792473793029785,37177294848.0,0.4471064507961273,1024,1.0,4.944461822509766
1010,465.405517578125,1024,-45080.08984375,0.0,-44.02352523803711,-13.54564094543457,False,nan,nan,nan,False,nan,nan,nan,False,nan,220297.765625,11.792473793029785,39493890048.0,0.45095840096473694,1024,1.0,4.958100318908691
1015,466.4143371582031,1024,-45121.40625,0.0,-44.063873291015625,-13.487066268920898,False,nan,nan,nan,False,nan,nan,nan,False,nan,207415.296875,11.973978042602539,42337206272.0,0.4468482732772827,1024,1.0,5.051906585693359
1020,467.4227294921875,1024,-45073.2109375,0.0,-44.016807556152344,-13.014430046081543,False,nan,nan,nan,False,nan,nan,nan,False,nan,219258.703125,9.332839012145996,49865482240.0,0.45396268367767334,1024,1.0,5.058897495269775
1025,468.4321594238281,1024,-44694.80859375,0.0,-43.647274017333984,-12.831645011901855,False,nan,nan,nan,False,nan,nan,nan,False,nan,219258.703125,11.977145195007324,52752547840.0,0.4551708698272705,1024,1.0,5.082761287689209
1030,469.4140930175781,1024,-44906.359375,0.0,-43.85386657714844,-12.656073570251465,False,nan,nan,nan,False,nan,nan,nan,False,nan,219258.703125,13.47816276550293,56932040704.0,0.46622228622436523,1024,1.0,5.094659328460693
1035,470.3966369628906,1024,-44788.609375,0.0,-43.73887634277344,-12.465394973754883,False,nan,nan,nan,False,nan,nan,nan,False,nan,213677.9375,12.511890411376953,58963767296.0,0.46799564361572266,1024,1.0,5.120898723602295
1040,471.37603759765625,1024,-44981.5234375,0.0,-43.927268981933594,-12.308680534362793,False,nan,nan,nan,False,nan,nan,nan,False,nan,274243.90625,13.624275207519531,62362431488.0,0.46836796402931213,1024,1.0,4.9620041847229
1045,472.3561096191406,1024,-44959.1015625,0.0,-43.905372619628906,-12.221240997314453,False,nan,nan,nan,False,nan,nan,nan,False,nan,243356.921875,13.105690956115723,64941084672.0,0.46791931986808777,1024,1.0,5.041439533233643
1050,473.3712158203125,1024,-44682.99609375,0.0,-43.635738372802734,-12.023221015930176,True,nan,nan,nan,False,nan,nan,nan,False,0.05000000074505806,281182.625,12.913307189941406,66634719232.0,0.4713080823421478,1024,1.0,4.952173233032227
1055,495.9535827636719,1024,-55306.3359375,0.0,-54.010093688964844,-19.690317153930664,False,nan,nan,nan,False,nan,nan,nan,False,nan,1381.89892578125,10.295401573181152,73231752.0,0.142217218875885,1024,1.0,4.4221062660217285
1060,496.9371337890625,1024,-49461.12109375,0.0,-48.301876068115234,-17.9713191986084,False,nan,nan,nan,False,nan,nan,nan,False,nan,4775.5068359375,8.25742244720459,340912768.0,0.20845927298069,1024,1.0,4.537112712860107
1065,497.92462158203125,1024,-47441.3359375,0.0,-46.329429626464844,-17.329572677612305,False,nan,nan,nan,False,nan,nan,nan,False,nan,11534.7861328125,10.3810453414917,969593856.0,0.23642878234386444,1024,1.0,4.449190139770508
1070,498.9174499511719,1024,-46392.74609375,0.0,-45.305416107177734,-16.985448837280273,False,nan,nan,nan,False,nan,nan,nan,False,nan,12955.76171875,10.301504135131836,1319729280.0,0.24799847602844238,1024,1.0,4.378935813903809
1075,499.9010009765625,1024,-46265.5078125,0.0,-45.18115997314453,-16.927440643310547,False,nan,nan,nan,False,nan,nan,nan,False,nan,17278.087890625,13.188475608825684,1853314304.0,0.25919944047927856,1024,1.0,4.380504131317139
1080,502.0074462890625,1024,-46095.72265625,0.0,-45.01535415649414,-16.590303421020508,False,nan,nan,nan,False,nan,nan,nan,False,nan,17287.740234375,11.28418254852295,2522357504.0,0.27145928144454956,1024,1.0,4.364405632019043
1085,502.9977722167969,1024,-45731.671875,0.0,-44.65983581542969,-16.350086212158203,False,nan,nan,nan,False,nan,nan,nan,False,nan,33136.9921875,20.009559631347656,3965144576.0,0.2804698944091797,1024,1.0,4.260234355926514
1090,503.97882080078125,1024,-45379.7578125,0.0,-44.31616973876953,-16.13991928100586,False,nan,nan,nan,False,nan,nan,nan,False,nan,34596.07421875,13.408924102783203,4975049216.0,0.287477970123291,1024,1.0,4.203903675079346
1095,504.9607849121094,1024,-45376.359375,0.0,-44.31285095214844,-16.175310134887695,False,nan,nan,nan,False,nan,nan,nan,False,nan,31582.11328125,20.423717498779297,5833085440.0,0.2906685769557953,1024,1.0,4.257400035858154
1100,505.93707275390625,1024,-45182.94921875,0.0,-44.12397384643555,-15.962015151977539,False,nan,nan,nan,False,nan,nan,nan,False,nan,33685.6015625,20.423717498779297,7451749376.0,0.29670464992523193,1024,1.0,4.2572479248046875
1105,506.9190979003906,1024,-45227.484375,0.0,-44.16746520996094,-15.78752613067627,False,nan,nan,nan,False,nan,nan,nan,False,nan,43952.85546875,12.828632354736328,8085483520.0,0.30143314599990845,1024,1.0,4.161548614501953
1110,507.90264892578125,1024,-44553.33984375,0.0,-43.50912094116211,-15.538963317871094,False,nan,nan,nan,False,nan,nan,nan,False,nan,43624.25,20.093505859375,10032217088.0,0.30552324652671814,1024,1.0,4.097207546234131
1115,508.87896728515625,1024,-44260.390625,0.0,-43.22303771972656,-15.572263717651367,False,nan,nan,nan,False,nan,nan,nan,False,nan,41178.421875,13.373966217041016,10885029888.0,0.3043384253978729,1024,1.0,4.141108512878418
1120,509.85638427734375,1024,-44135.45703125,0.0,-43.10103225708008,-15.40785026550293,False,nan,nan,nan,False,nan,nan,nan,False,nan,54492.25390625,20.3783016204834,12251026432.0,0.3092136085033417,1024,1.0,3.940927267074585
1125,510.8382873535156,1024,-44180.9140625,0.0,-43.145423889160156,-15.16380500793457,False,nan,nan,nan,False,nan,nan,nan,False,nan,47308.98828125,20.718326568603516,12851306496.0,0.31434476375579834,1024,1.0,4.0580668449401855
1130,511.8251647949219,1024,-44592.4609375,0.0,-43.547325134277344,-15.045184135437012,False,nan,nan,nan,False,nan,nan,nan,False,nan,55863.859375,20.3783016204834,14024464384.0,0.3173080384731293,1024,1.0,3.9384284019470215
1135,512.8094482421875,1024,-44430.64453125,0.0,-43.38930130004883,-15.02232837677002,False,nan,nan,nan,False,nan,nan,nan,False,nan,66555.984375,20.02535057067871,15380535296.0,0.3220682442188263,1024,1.0,3.8727800846099854
1140,513.7876586914062,1024,-44571.390625,0.0,-43.52674865722656,-15.178049087524414,False,nan,nan,nan,False,nan,nan,nan,False,nan,64808.765625,20.3783016204834,16339598336.0,0.3246573209762573,1024,1.0,3.8456671237945557
1145,514.7861328125,1024,-45134.2578125,0.0,-44.07642364501953,-15.197515487670898,False,nan,nan,nan,False,nan,nan,nan,False,nan,69892.9765625,21.3212890625,17275996160.0,0.3270444869995117,1024,1.0,3.8062663078308105
1150,515.7744750976562,1024,-44927.0625,0.0,-43.87408447265625,-15.024106979370117,False,nan,nan,nan,False,nan,nan,nan,False,nan,71510.109375,22.467363357543945,19821031424.0,0.3274649679660797,1024,1.0,3.8101587295532227
1155,516.7608642578125,1024,-44955.71875,0.0,-43.902069091796875,-14.906363487243652,False,nan,nan,nan,False,nan,nan,nan,False,nan,79909.9609375,20.229429244995117,22405507072.0,0.33467766642570496,1024,1.0,3.786106586456299
1160,517.7362060546875,1024,-44598.64453125,0.0,-43.55336380004883,-14.657689094543457,False,nan,nan,nan,False,nan,nan,nan,False,nan,72671.078125,22.023330688476562,22708496384.0,0.3364766538143158,1024,1.0,3.7809319496154785
1165,518.7168579101562,1024,-44454.99609375,0.0,-43.413082122802734,-14.539814949035645,False,nan,nan,nan,False,nan,nan,nan,False,nan,78934.859375,21.632343292236328,25007036416.0,0.34087780117988586,1024,1.0,3.769605875015259
1170,519.6961059570312,1024,-44846.1328125,0.0,-43.79505157470703,-14.716827392578125,False,nan,nan,nan,False,nan,nan,nan,False,nan,77894.546875,22.1987247467041,26806822912.0,0.339754194021225,1024,1.0,3.8730485439300537
1175,520.6757202148438,1024,-44746.33984375,0.0,-43.69759750366211,-14.69351577758789,False,nan,nan,nan,False,nan,nan,nan,False,nan,77417.8359375,20.093505859375,29642686464.0,0.34617331624031067,1024,1.0,3.795431613922119
1180,521.6580810546875,1024,-44831.2109375,0.0,-43.780479431152344,-14.588712692260742,False,nan,nan,nan,False,nan,nan,nan,False,nan,83815.671875,14.753564834594727,31828887552.0,0.35010239481925964,1024,1.0,3.7507760524749756
1185,522.64111328125,1024,-45210.14453125,0.0,-44.15053176879883,-14.50188159942627,False,nan,nan,nan,False,nan,nan,nan,False,nan,78602.53125,22.467363357543945,34711646208.0,0.3560207188129425,1024,1.0,3.7668068408966064
1190,523.6229248046875,1024,-45518.34375,0.0,-44.451507568359375,-14.674811363220215,False,nan,nan,nan,False,nan,nan,nan,False,nan,79493.34375,22.467363357543945,37315911680.0,0.3538210093975067,1024,1.0,3.752382278442383
1195,524.6038208007812,1024,-45265.50390625,0.0,-44.204593658447266,-14.646760940551758,False,nan,nan,nan,False,nan,nan,nan,False,nan,76987.8046875,22.065444946289062,39574716416.0,0.3548247814178467,1024,1.0,3.7826452255249023
1200,525.5844116210938,1024,-44800.2734375,0.0,-43.750267028808594,-14.45694351196289,True,nan,nan,nan,False,nan,nan,nan,False,0.05000000074505806,81268.0703125,22.810091018676758,43753738240.0,0.3595302104949951,1024,1.0,3.793386220932007
1205,553.078369140625,1024,-48961.2578125,0.0,-47.81372833251953,-20.158397674560547,False,nan,nan,nan,False,nan,nan,nan,False,nan,359.6178894042969,12.747804641723633,124265296.0,0.17195351421833038,1024,1.0,3.5411548614501953
1210,554.0573120117188,1024,-46599.703125,0.0,-45.50752258300781,-19.7630558013916,False,nan,nan,nan,False,nan,nan,nan,False,nan,1147.6357421875,12.160231590270996,382042496.0,0.22153307497501373,1024,1.0,3.0746042728424072
1215,555.0465087890625,1024,-45584.67578125,0.0,-44.51628494262695,-18.879253387451172,False,nan,nan,nan,False,nan,nan,nan,False,nan,1506.8021240234375,14.177678108215332,565043904.0,0.24590809643268585,1024,1.0,2.9787466526031494
1220,556.0286254882812,1024,-45821.7890625,0.0,-44.747840881347656,-19.708192825317383,False,nan,nan,nan,False,nan,nan,nan,False,nan,1556.497314453125,14.681158065795898,814729472.0,0.26142844557762146,1024,1.0,3.162214756011963
1225,557.0160522460938,1024,-45614.58984375,0.0,-44.54549789428711,-19.669919967651367,False,nan,nan,nan,False,nan,nan,nan,False,nan,2088.98583984375,14.901175498962402,1039481984.0,0.2697700262069702,1024,1.0,3.0034666061401367
1230,559.056640625,1024,-45378.9765625,0.0,-44.315406799316406,-19.83088493347168,False,nan,nan,nan,False,nan,nan,nan,False,nan,2151.44091796875,13.574576377868652,1125341184.0,0.2818596661090851,1024,1.0,2.9857685565948486
1235,560.0384521484375,1024,-45587.83984375,0.0,-44.51937484741211,-19.880271911621094,False,nan,nan,nan,False,nan,nan,nan,False,nan,2478.48291015625,14.385292053222656,1222010624.0,0.28987300395965576,1024,1.0,2.9793949127197266
1240,561.0227661132812,1024,-45801.28125,0.0,-44.727813720703125,-20.224641799926758,False,nan,nan,nan,False,nan,nan,nan,False,nan,2629.93798828125,14.901175498962402,1564179456.0,0.29775989055633545,1024,1.0,2.824406147003174
1245,562.004638671875,1024,-46429.015625,0.0,-45.34083557128906,-21.122169494628906,False,nan,nan,nan,False,nan,nan,nan,False,nan,2882.177734375,15.091239929199219,1893258112.0,0.30087825655937195,1024,1.0,2.815333843231201
1250,562.9970092773438,1024,-46244.1953125,0.0,-45.16034698486328,-20.24364471435547,False,nan,nan,nan,False,nan,nan,nan,False,nan,2882.177734375,14.95463752746582,2010982400.0,0.3087068200111389,1024,1.0,2.838611364364624
1255,563.968994140625,1024,-46333.36328125,0.0,-45.2474250793457,-20.145963668823242,False,nan,nan,nan,False,nan,nan,nan,False,nan,4073.67431640625,14.766534805297852,2129819776.0,0.31108081340789795,1024,1.0,2.781829357147217
1260,564.9546508789062,1024,-46369.7265625,0.0,-45.282936096191406,-19.866573333740234,False,nan,nan,nan,False,nan,nan,nan,False,nan,5077.017578125,14.790813446044922,2221630208.0,0.31389564275741577,1024,1.0,2.7669925689697266
1265,565.9298706054688,1024,-46302.9375,0.0,-45.21771240234375,-20.160720825195312,False,nan,nan,nan,False,nan,nan,nan,False,nan,5678.68896484375,18.30965805053711,2381399040.0,0.32063308358192444,1024,1.0,2.919847011566162
1270,566.9067993164062,1024,-46342.875,0.0,-45.2567138671875,-19.695951461791992,False,nan,nan,nan,False,nan,nan,nan,False,nan,5678.68896484375,16.669862747192383,2658776320.0,0.3251376450061798,1024,1.0,2.892315626144409
1275,567.8834838867188,1024,-46283.703125,0.0,-45.19892883300781,-19.324604034423828,False,nan,nan,nan,False,nan,nan,nan,False,nan,5906.9970703125,14.95463752746582,2711542272.0,0.3257608413696289,1024,1.0,2.8672077655792236
1280,568.8648681640625,1024,-46147.48828125,0.0,-45.0659065246582,-18.737445831298828,False,nan,nan,nan,False,nan,nan,nan,False,nan,7138.36962890625,19.064693450927734,2965783296.0,0.32939791679382324,1024,1.0,2.886270761489868
1285,569.8477172851562,1024,-45960.1328125,0.0,-44.88294219970703,-18.866010665893555,False,nan,nan,nan,False,nan,nan,nan,False,nan,7154.1689453125,18.49578094482422,3288110336.0,0.3319617211818695,1024,1.0,2.9050369262695312
1290,570.8309326171875,1024,-46667.84375,0.0,-45.574066162109375,-19.643098831176758,False,nan,nan,nan,False,nan,nan,nan,False,nan,8384.703125,19.064693450927734,3606552832.0,0.3386934697628021,1024,1.0,2.925015687942505
1295,571.8074340820312,1024,-46746.625,0.0,-45.6510009765625,-19.60027503967285,False,nan,nan,nan,False,nan,nan,nan,False,nan,7474.4228515625,19.0241756439209,3650619904.0,0.3376191556453705,1024,1.0,2.926281452178955
1300,572.7871704101562,1024,-46629.78125,0.0,-45.536895751953125,-19.276805877685547,False,nan,nan,nan,False,nan,nan,nan,False,nan,8869.6494140625,19.0624942779541,3730241280.0,0.3406562805175781,1024,1.0,2.843289852142334
1305,573.76953125,1024,-46871.2890625,0.0,-45.772743225097656,-19.57777976989746,False,nan,nan,nan,False,nan,nan,nan,False,nan,12143.52734375,19.0624942779541,4106439168.0,0.34629586338996887,1024,1.0,2.861717939376831
1310,574.764404296875,1024,-47005.53515625,0.0,-45.90384292602539,-19.875926971435547,False,nan,nan,nan,False,nan,nan,nan,False,nan,12458.3759765625,19.23125457763672,4003958016.0,0.34791478514671326,1024,1.0,2.8466320037841797
1315,575.75732421875,1024,-47148.12109375,0.0,-46.043087005615234,-20.404300689697266,False,nan,nan,nan,False,nan,nan,nan,False,nan,9823.7236328125,19.23125457763672,4345446912.0,0.35208001732826233,1024,1.0,2.6269075870513916
1320,576.7418823242188,1024,-47128.16015625,0.0,-46.02359390258789,-20.699657440185547,False,nan,nan,nan,False,nan,nan,nan,False,nan,11966.138671875,18.46417999267578,4440772608.0,0.3566535413265228,1024,1.0,2.6153225898742676
1325,577.7241821289062,1024,-46943.7578125,0.0,-45.84351348876953,-21.047637939453125,False,nan,nan,nan,False,nan,nan,nan,False,nan,11966.138671875,19.014379501342773,4233284352.0,0.3612090051174164,1024,1.0,2.596860408782959
1330,578.707763671875,1024,-46808.52734375,0.0,-45.71145248413086,-20.780607223510742,False,nan,nan,nan,False,nan,nan,nan,False,nan,11966.138671875,15.091239929199219,4472915456.0,0.35511043667793274,1024,1.0,2.613405466079712
1335,579.6885986328125,1024,-46919.78515625,0.0,-45.82010269165039,-21.3211612701416,False,nan,nan,nan,False,nan,nan,nan,False,nan,13641.7841796875,18.474834442138672,4678056960.0,0.3662426173686981,1024,1.0,2.5534207820892334
1340,580.6646728515625,1024,-46702.8046875,0.0,-45.60820770263672,-21.10506820678711,False,nan,nan,nan,False,nan,nan,nan,False,nan,13710.505859375,19.210664749145508,4755119616.0,0.371084600687027,1024,1.0,2.507498025894165
1345,581.648681640625,1024,-47029.9140625,0.0,-45.927650451660156,-22.271228790283203,False,nan,nan,nan,False,nan,nan,nan,False,nan,14025.70703125,16.73541259765625,4648035840.0,0.37919846177101135,1024,1.0,2.452066659927368
1350,582.62451171875,1024,-46795.19921875,0.0,-45.69843673706055,-22.431289672851562,False,nan,nan,nan,False,nan,nan,nan,False,nan,17831.392578125,14.878375053405762,4563154432.0,0.3860456943511963,1024,1.0,2.258042097091675
1355,583.6089477539062,1024,-46770.6875,0.0,-45.67449951171875,-22.56598663330078,False,nan,nan,nan,False,nan,nan,nan,False,nan,17831.392578125,19.032649993896484,4583499776.0,0.3884640038013458,1024,1.0,2.194519281387329
1360,584.5845947265625,1024,-46707.87109375,0.0,-45.613155364990234,-23.51958656311035,True,nan,nan,nan,False,nan,nan,nan,False,0.05000000074505806,20890.873046875,18.55551528930664,4240081664.0,0.3943696916103363,1024,1.0,2.1404683589935303
1365,592.03662109375,1024,-61305.05078125,0.0,-59.86821365356445,-20.680788040161133,False,nan,nan,nan,False,nan,nan,nan,False,nan,33843772.0,14.940169334411621,3379454803968.0,0.3558448851108551,1024,1.0,4.401004791259766
1370,593.0158081054688,1024,-61193.96875,0.0,-59.759735107421875,-21.365676879882812,False,nan,nan,nan,False,nan,nan,nan,False,nan,95938800.0,20.346376419067383,12425870966784.0,0.6110330820083618,1024,1.0,4.449134826660156
1375,593.9940185546875,1024,-60680.78515625,0.0,-59.25857925415039,-22.114717483520508,False,nan,nan,nan,False,nan,nan,nan,False,nan,162744224.0,39.96487045288086,25387771887616.0,0.723094642162323,1024,1.0,4.389406681060791
1380,594.974853515625,1024,-60999.625,0.0,-59.5699462890625,-22.803556442260742,False,nan,nan,nan,False,nan,nan,nan,False,nan,374616032.0,20.437631607055664,37380736155648.0,0.8074004054069519,1024,1.0,4.393464088439941
1385,595.9503784179688,1024,-60518.828125,0.0,-59.10041809082031,-22.383705139160156,False,nan,nan,nan,False,nan,nan,nan,False,nan,373800608.0,35.28276062011719,47835798044672.0,0.8616239428520203,1024,1.0,4.444777488708496
1390,598.05029296875,1024,-60222.796875,0.0,-58.81132507324219,-22.682416915893555,False,nan,nan,nan,False,nan,nan,nan,False,nan,397716800.0,18.510005950927734,58880503578624.0,0.9059896469116211,1024,1.0,4.363095760345459
1395,599.0390625,1024,-60384.8515625,0.0,-58.969581604003906,-22.78269386291504,False,nan,nan,nan,False,nan,nan,nan,False,nan,428842848.0,21.55002212524414,82831850078208.0,0.9499456286430359,1024,1.0,4.406259536743164
1400,600.0197143554688,1024,-60046.71875,0.0,-58.639373779296875,-22.361982345581055,False,nan,nan,nan,False,nan,nan,nan,False,nan,495634624.0,21.995609283447266,102980766400512.0,0.9831026196479797,1024,1.0,4.266740798950195
1405,600.995849609375,1024,-60766.13671875,0.0,-59.3419303894043,-23.43528938293457,False,nan,nan,nan,False,nan,nan,nan,False,nan,871910528.0,18.510005950927734,132928541556736.0,1.021010160446167,1024,1.0,3.724248170852661
1410,601.9777221679688,1024,-60829.9765625,0.0,-59.404273986816406,-23.271787643432617,False,nan,nan,nan,False,nan,nan,nan,False,nan,881067200.0,33.4273681640625,146446087094272.0,1.0564299821853638,1024,1.0,3.758711576461792
1415,602.95947265625,1024,-61237.8125,0.0,-59.80255126953125,-23.918495178222656,False,nan,nan,nan,False,nan,nan,nan,False,nan,1056215424.0,40.97532272338867,175847621263360.0,1.085317850112915,1024,1.0,3.695586681365967
1420,603.94140625,1024,-60893.1953125,0.0,-59.46601104736328,-23.09821128845215,False,nan,nan,nan,False,nan,nan,nan,False,nan,1130273280.0,40.06173324584961,205672662695936.0,1.1197961568832397,1024,1.0,3.6601035594940186
1425,604.9198608398438,1024,-60389.7890625,0.0,-58.974403381347656,-22.390520095825195,False,nan,nan,nan,False,nan,nan,nan,False,nan,1130273280.0,39.135189056396484,214470735429632.0,1.1325147151947021,1024,1.0,3.647294044494629
1430,605.8976440429688,1024,-60600.71875,0.0,-59.180389404296875,-22.583572387695312,False,nan,nan,nan,False,nan,nan,nan,False,nan,1130273280.0,23.36441421508789,230146963406848.0,1.157931923866272,1024,1.0,3.6372430324554443
1435,606.8800659179688,1024,-60202.21875,0.0,-58.791229248046875,-22.541744232177734,False,nan,nan,nan,False,nan,nan,nan,False,nan,1353964544.0,37.10292053222656,278878383767552.0,1.1716266870498657,1024,1.0,3.5207648277282715
1440,607.8629760742188,1024,-60233.37109375,0.0,-58.821651458740234,-22.473655700683594,False,nan,nan,nan,False,nan,nan,nan,False,nan,1190307200.0,40.97532272338867,307634347442176.0,1.1975268125534058,1024,1.0,3.506089448928833
1445,608.8453979492188,1024,-60185.5703125,0.0,-58.77497100830078,-22.057432174682617,False,nan,nan,nan,False,nan,nan,nan,False,nan,1191107072.0,35.037010192871094,317664807354368.0,1.2043633460998535,1024,1.0,3.5357666015625
1450,609.8236694335938,1024,-60432.2265625,0.0,-59.015846252441406,-21.970518112182617,False,nan,nan,nan,False,nan,nan,nan,False,nan,1209419904.0,37.02020263671875,334428266037248.0,1.2118947505950928,1024,1.0,3.519239902496338
1455,610.8421630859375,1024,-60228.859375,0.0,-58.81724548339844,-22.36713218688965,False,nan,nan,nan,False,nan,nan,nan,False,nan,1255924864.0,39.777259826660156,345927336329216.0,1.2319990396499634,1024,1.0,3.5286831855773926
1460,611.8558349609375,1024,-59562.57421875,0.0,-58.16657638549805,-21.255708694458008,False,nan,nan,nan,False,nan,nan,nan,False,nan,1250985088.0,37.02020263671875,331360854081536.0,1.2338682413101196,1024,1.0,3.5001776218414307
1465,612.8363647460938,1024,-59262.72265625,0.0,-57.87375259399414,-20.517406463623047,False,nan,nan,nan,False,nan,nan,nan,False,nan,1266930048.0,40.13124465942383,360815907569664.0,1.2459733486175537,1024,1.0,3.5116729736328125
1470,613.8472900390625,1024,-58958.60546875,0.0,-57.57676315307617,-20.482379913330078,False,nan,nan,nan,False,nan,nan,nan,False,nan,1238512896.0,24.180875778198242,371405417873408.0,1.2579960823059082,1024,1.0,3.5262625217437744
1475,614.8572387695312,1024,-58793.06640625,0.0,-57.415103912353516,-19.79115867614746,False,nan,nan,nan,False,nan,nan,nan,False,nan,1238512896.0,34.221397399902344,370794626547712.0,1.269158959388733,1024,1.0,3.5375523567199707
1480,615.8414306640625,1024,-57921.8515625,0.0,-56.564308166503906,-18.95680046081543,False,nan,nan,nan,False,nan,nan,nan,False,nan,1474902144.0,49.307701110839844,423724763316224.0,1.2695742845535278,1024,1.0,3.5192184448242188
1485,616.8306274414062,1024,-57659.4453125,0.0,-56.30805206298828,-18.31305694580078,False,nan,nan,nan,False,nan,nan,nan,False,nan,1474902144.0,47.77961349487305,425949556375552.0,1.2829937934875488,1024,1.0,3.510673761367798
1490,617.8101196289062,1024,-57542.3203125,0.0,-56.19367218017578,-18.35347557067871,False,nan,nan,nan,False,nan,nan,nan,False,nan,1467999104.0,40.86711502075195,429790330880000.0,1.2932484149932861,1024,1.0,3.496962785720825
1495,618.7947387695312,1024,-57429.4375,0.0,-56.08343505859375,-17.84459114074707,False,nan,nan,nan,False,nan,nan,nan,False,nan,1546125312.0,48.50831985473633,464556279201792.0,1.2984737157821655,1024,1.0,3.705824613571167
1500,619.807373046875,1024,-57512.1328125,0.0,-56.16419219970703,-17.684307098388672,False,nan,nan,nan,False,nan,nan,nan,False,nan,1546125312.0,49.307701110839844,498962054250496.0,1.316608190536499,1024,1.0,3.671071767807007
1505,620.789306640625,1024,-57153.5859375,0.0,-55.814048767089844,-17.478225708007812,False,nan,nan,nan,False,nan,nan,nan,False,nan,1733047296.0,46.36442947387695,571618136948736.0,1.3252240419387817,1024,1.0,3.6641695499420166
1510,621.802978515625,1024,-56449.515625,0.0,-55.12648010253906,-16.621763229370117,False,nan,nan,nan,False,nan,nan,nan,False,nan,6370073600.0,48.85512924194336,849023363710976.0,1.339609980583191,1024,1.0,3.6561172008514404
1515,622.7899780273438,1024,-55956.42578125,0.0,-54.64494705200195,-16.08807945251465,False,nan,nan,nan,False,nan,nan,nan,False,nan,6544504832.0,39.4753303527832,834040571625472.0,1.3378199338912964,1024,1.0,3.5695931911468506
1520,623.7999267578125,1024,-56044.9296875,0.0,-54.73137664794922,-16.098966598510742,False,nan,nan,nan,False,nan,nan,nan,False,nan,8169198592.0,50.012001037597656,869522235981824.0,1.3306926488876343,1024,1.0,3.6452620029449463
1525,624.8126220703125,1024,-56108.25,0.0,-54.793212890625,-16.202640533447266,False,nan,nan,nan,False,nan,nan,nan,False,nan,10121304064.0,47.44462585449219,1014194384142336.0,1.3514432907104492,1024,1.0,3.6654834747314453
1530,625.7938232421875,1024,-55715.9609375,0.0,-54.410118103027344,-15.552820205688477,True,nan,nan,nan,False,nan,nan,nan,False,0.05000000074505806,11189255168.0,49.307701110839844,1034213696471040.0,1.358949065208435,1024,1.0,3.6716718673706055
1535,633.6397705078125,1024,-50172.24609375,0.0,-48.996334075927734,-15.307194709777832,False,nan,nan,nan,False,nan,nan,nan,False,nan,6479230.5,13.402447700500488,154560184320.0,0.3247130513191223,1024,1.0,3.209958076477051
1540,634.6259155273438,1024,-52260.7421875,0.0,-51.03588104248047,-14.989419937133789,False,nan,nan,nan,False,nan,nan,nan,False,nan,75037304.0,26.98566246032715,1044319502336.0,0.4537399709224701,1024,1.0,2.8335657119750977
1545,635.6196899414062,1024,-53347.7421875,0.0,-52.09740447998047,-15.530375480651855,False,nan,nan,nan,False,nan,nan,nan,False,nan,167716128.0,16.171110153198242,3435159093248.0,0.5195260047912598,1024,1.0,2.975132465362549
1550,636.6046752929688,1024,-53700.2734375,0.0,-52.441673278808594,-15.23457145690918,False,nan,nan,nan,False,nan,nan,nan,False,nan,216710288.0,21.16120147705078,6203334197248.0,0.5716643333435059,1024,1.0,3.055521011352539
1555,637.589599609375,1024,-53966.7421875,0.0,-52.70189666748047,-15.541022300720215,False,nan,nan,nan,False,nan,nan,nan,False,nan,364602016.0,28.430828094482422,10342094602240.0,0.6056901812553406,1024,1.0,3.1234419345855713
1560,639.8248291015625,1024,-53753.859375,0.0,-52.49400329589844,-15.357107162475586,False,nan,nan,nan,False,nan,nan,nan,False,nan,370476192.0,27.520572662353516,14276258430976.0,0.6528624892234802,1024,1.0,3.131424903869629
1565,640.8373413085938,1024,-53964.9375,0.0,-52.70013427734375,-15.327731132507324,False,nan,nan,nan,False,nan,nan,nan,False,nan,661431168.0,34.702571868896484,24298173497344.0,0.6756784915924072,1024,1.0,3.194521188735962
1570,641.8460083007812,1024,-53883.55078125,0.0,-52.62065505981445,-14.886678695678711,False,nan,nan,nan,False,nan,nan,nan,False,nan,665975872.0,30.549671173095703,34082165620736.0,0.69781094789505,1024,1.0,3.2428715229034424
1575,642.8219604492188,1024,-53671.625,0.0,-52.4136962890625,-14.922280311584473,False,nan,nan,nan,False,nan,nan,nan,False,nan,822616512.0,30.414264678955078,41994189537280.0,0.7150797843933105,1024,1.0,3.195798397064209
1580,643.8019409179688,1024,-53006.8203125,0.0,-51.76447296142578,-14.268195152282715,False,nan,nan,nan,False,nan,nan,nan,False,nan,1276311680.0,27.520572662353516,54144266141696.0,0.7338101267814636,1024,1.0,3.1607704162597656
1585,644.8150024414062,1024,-52818.515625,0.0,-51.58058166503906,-14.08714771270752,False,nan,nan,nan,False,nan,nan,nan,False,nan,1380949376.0,34.69624710083008,72514080342016.0,0.7489716410636902,1024,1.0,3.181696891784668
1590,645.7954711914062,1024,-52580.984375,0.0,-51.34861755371094,-13.818803787231445,False,nan,nan,nan,False,nan,nan,nan,False,nan,1380949376.0,30.15013885498047,79117206683648.0,0.7642084956169128,1024,1.0,3.202481746673584
1595,646.7825317382812,1024,-52519.29296875,0.0,-51.28837203979492,-13.679483413696289,False,nan,nan,nan,False,nan,nan,nan,False,nan,2380407808.0,34.31840133666992,100482865430528.0,0.7813403606414795,1024,1.0,3.1957929134368896
1600,647.7655639648438,1024,-51962.5625,0.0,-50.74468994140625,-12.755704879760742,False,nan,nan,nan,False,nan,nan,nan,False,nan,2388958976.0,35.062923431396484,118273785987072.0,0.8003999590873718,1024,1.0,3.2073280811309814
1605,648.751220703125,1024,-51786.6953125,0.0,-50.57294464111328,-12.024872779846191,False,nan,nan,nan,False,nan,nan,nan,False,nan,3159792384.0,40.10452651977539,148898446311424.0,0.8091018795967102,1024,1.0,3.2203352451324463
1610,649.7315673828125,1024,-51880.2578125,0.0,-50.66431427001953,-11.839713096618652,False,nan,nan,nan,False,nan,nan,nan,False,nan,3159792384.0,28.722448348999023,175616246677504.0,0.824941873550415,1024,1.0,3.234860420227051
1615,650.7079467773438,1024,-51350.60546875,0.0,-50.14707565307617,-11.300783157348633,False,nan,nan,nan,False,nan,nan,nan,False,nan,3159792384.0,35.685569763183594,188094552735744.0,0.8215930461883545,1024,1.0,3.242030620574951
1620,651.690185546875,1024,-51342.265625,0.0,-50.13893127441406,-10.918156623840332,False,nan,nan,nan,False,nan,nan,nan,False,nan,3159792384.0,37.39594268798828,206073990479872.0,0.8397027850151062,1024,1.0,3.271209478378296
1625,652.6721801757812,1024,-51222.15625,0.0,-50.021636962890625,-10.322099685668945,False,nan,nan,nan,False,nan,nan,nan,False,nan,3726221056.0,31.114593505859375,243922752241664.0,0.8489377498626709,1024,1.0,3.2994089126586914
1630,653.6544799804688,1024,-50954.9375,0.0,-49.76068115234375,-10.133763313293457,False,nan,nan,nan,False,nan,nan,nan,False,nan,3726221056.0,34.481849670410156,258039688986624.0,0.8704611659049988,1024,1.0,3.307304859161377
1635,654.6385498046875,1024,-50577.296875,0.0,-49.39189147949219,-9.733194351196289,False,nan,nan,nan,False,nan,nan,nan,False,nan,3736092416.0,39.95103073120117,269766728089600.0,0.8865311741828918,1024,1.0,3.2933924198150635
1640,655.6240844726562,1024,-49973.8515625,0.0,-48.802589416503906,-8.523970603942871,False,nan,nan,nan,False,nan,nan,nan,False,nan,4267396096.0,39.601139068603516,299949946306560.0,0.8918444514274597,1024,1.0,3.2902371883392334
1645,656.6109008789062,1024,-49531.68359375,0.0,-48.370784759521484,-7.489083290100098,False,nan,nan,nan,False,nan,nan,nan,False,nan,4267396096.0,41.96355438232422,319290855129088.0,0.902043879032135,1024,1.0,3.295419931411743
1650,657.652099609375,1024,-49235.2265625,0.0,-48.081275939941406,-7.026335716247559,False,nan,nan,nan,False,nan,nan,nan,False,nan,4267780608.0,39.95103073120117,342320973086720.0,0.9088894724845886,1024,1.0,3.28178334236145
1655,658.6470947265625,1024,-48541.921875,0.0,-47.40422058105469,-6.180847644805908,False,nan,nan,nan,False,nan,nan,nan,False,nan,4267785984.0,33.44038772583008,344965062328320.0,0.9039376378059387,1024,1.0,3.2758677005767822
1660,659.660888671875,1024,-47963.96875,0.0,-46.839813232421875,-5.335649490356445,False,nan,nan,nan,False,nan,nan,nan,False,nan,4267785984.0,31.910545349121094,394681389154304.0,0.9294788241386414,1024,1.0,3.2797491550445557
1665,660.6436767578125,1024,-47225.953125,0.0,-46.11909484863281,-4.361616134643555,False,nan,nan,nan,False,nan,nan,nan,False,nan,4778358784.0,42.1010856628418,431107778543616.0,0.9339649677276611,1024,1.0,3.280552387237549
1670,661.65234375,1024,-46525.26953125,0.0,-45.43483352661133,-3.741184711456299,False,nan,nan,nan,False,nan,nan,nan,False,nan,4767964160.0,39.27518844604492,396144932814848.0,0.9152634739875793,1024,1.0,3.296462297439575
1675,662.6357421875,1024,-45441.7890625,0.0,-44.376747131347656,-2.203730821609497,False,nan,nan,nan,False,nan,nan,nan,False,nan,5733839360.0,41.24307632446289,386328248188928.0,0.9554983973503113,1024,1.0,3.236903190612793
1680,663.62353515625,1024,-44649.36328125,0.0,-43.6028938293457,-1.4643036127090454,False,nan,nan,nan,False,nan,nan,nan,False,nan,5684428800.0,39.27518844604492,394410437115904.0,0.9663817286491394,1024,1.0,3.22066068649292
1685,664.6055297851562,1024,-43390.11328125,0.0,-42.3731575012207,-0.08048038184642792,False,nan,nan,nan,False,nan,nan,nan,False,nan,5659358720.0,37.82200622558594,378607977365504.0,0.974725067615509,1024,1.0,3.200249195098877
1690,665.580078125,1024,-42708.5546875,0.0,-41.70757293701172,0.0,False,nan,nan,nan,False,nan,nan,nan,False,nan,5659358720.0,37.23210144042969,366225083334656.0,0.9920555949211121,1024,1.0,3.1842544078826904
1695,666.5908813476562,1024,-41722.12890625,0.0,-40.744266510009766,0.0,False,nan,nan,nan,False,nan,nan,nan,False,nan,5777078272.0,42.1010856628418,365537653686272.0,1.0015629529953003,1024,1.0,3.161003351211548
1700,667.5719604492188,1024,-40583.5390625,0.0,-39.632362365722656,0.0,False,nan,nan,nan,False,nan,nan,nan,False,nan,6194817536.0,41.96355438232422,389323417452544.0,1.01685631275177,1024,1.0,3.1326749324798584
1705,668.5526123046875,1024,-39443.0078125,0.0,-38.51856231689453,0.0,False,nan,nan,nan,False,nan,nan,nan,False,nan,6194817536.0,42.1010856628418,386514072633344.0,1.0276683568954468,1024,1.0,3.1143925189971924
1710,669.5314331054688,1024,-38339.30859375,0.0,-37.440731048583984,0.0,True,nan,nan,nan,False,nan,nan,nan,False,0.05000000074505806,6194817536.0,38.35880661010742,351988340490240.0,1.048425316810608,1024,1.0,3.0854272842407227
1715,689.2171630859375,1024,-54337.1328125,0.0,-53.06360626220703,-19.733720779418945,False,nan,nan,nan,False,nan,nan,nan,False,nan,3643.825927734375,3.7909085750579834,746830528.0,0.20098702609539032,1024,1.0,3.1669578552246094
1720,690.19970703125,1024,-52365.3046875,0.0,-51.13799285888672,-18.879484176635742,False,nan,nan,nan,False,nan,nan,nan,False,nan,59606.21875,12.717616081237793,11690761216.0,0.32674238085746765,1024,1.0,3.5058987140655518
1725,691.177978515625,1024,-51223.9375,0.0,-50.02337646484375,-18.189865112304688,False,nan,nan,nan,False,nan,nan,nan,False,nan,150758.875,9.226014137268066,37714006016.0,0.39197075366973877,1024,1.0,3.8759653568267822
1730,692.1636352539062,1024,-51203.296875,0.0,-50.00321960449219,-17.638240814208984,False,nan,nan,nan,False,nan,nan,nan,False,nan,199497.875,17.928396224975586,74101866496.0,0.4391748011112213,1024,1.0,4.034668445587158
1735,693.1465454101562,1024,-51142.765625,0.0,-49.94410705566406,-17.04488182067871,False,nan,nan,nan,False,nan,nan,nan,False,nan,231238.96875,18.01369857788086,104189550592.0,0.4753960072994232,1024,1.0,4.093795299530029
1740,695.3375854492188,1024,-51647.6953125,0.0,-50.43720245361328,-16.965394973754883,False,nan,nan,nan,False,nan,nan,nan,False,nan,252798.46875,17.87772560119629,152462917632.0,0.49900782108306885,1024,1.0,4.140807628631592
1745,696.3255615234375,1024,-51438.671875,0.0,-50.23307800292969,-16.2515811920166,False,nan,nan,nan,False,nan,nan,nan,False,nan,354754.3125,13.836211204528809,240327245824.0,0.5203813910484314,1024,1.0,4.197991371154785
1750,697.3084106445312,1024,-51068.890625,0.0,-49.87196350097656,-15.28177547454834,False,nan,nan,nan,False,nan,nan,nan,False,nan,718058.875,18.01369857788086,323338043392.0,0.5374200940132141,1024,1.0,4.016963958740234
1755,698.2815551757812,1024,-50870.640625,0.0,-49.67835998535156,-15.148381233215332,False,nan,nan,nan,False,nan,nan,nan,False,nan,757815.4375,15.256304740905762,396864192512.0,0.5649899840354919,1024,1.0,3.9637820720672607
1760,699.2589111328125,1024,-50682.9296875,0.0,-49.49504852294922,-14.436116218566895,False,nan,nan,nan,False,nan,nan,nan,False,nan,908850.8125,18.795387268066406,446921572352.0,0.5817033648490906,1024,1.0,3.9262070655822754
1765,700.2405395507812,1024,-50180.32421875,0.0,-49.00422286987305,-13.761013984680176,False,nan,nan,nan,False,nan,nan,nan,False,nan,932463.1875,17.80059242248535,521988177920.0,0.5930331349372864,1024,1.0,3.9291725158691406
1770,701.2197265625,1024,-49764.76953125,0.0,-48.59840774536133,-12.459692001342773,False,nan,nan,nan,False,nan,nan,nan,False,nan,896584.25,18.39541244506836,575356862464.0,0.6104100346565247,1024,1.0,4.094827651977539
1775,702.1968994140625,1024,-49529.81640625,0.0,-48.368961334228516,-11.132326126098633,False,nan,nan,nan,False,nan,nan,nan,False,nan,1284568.375,18.795387268066406,699037319168.0,0.6230038404464722,1024,1.0,4.111739158630371
1780,703.172119140625,1024,-49007.3359375,0.0,-47.858726501464844,-9.725193977355957,False,nan,nan,nan,False,nan,nan,nan,False,nan,1245689.0,23.382266998291016,727479943168.0,0.6378841400146484,1024,1.0,4.079957008361816
1785,704.1509399414062,1024,-48804.16015625,0.0,-47.66031265258789,-8.518844604492188,False,nan,nan,nan,False,nan,nan,nan,False,nan,1163657.75,23.358871459960938,813781155840.0,0.6478692293167114,1024,1.0,4.089603424072266
1790,705.1337890625,1024,-48258.04296875,0.0,-47.12699508666992,-6.816557884216309,False,nan,nan,nan,False,nan,nan,nan,False,nan,1351755.0,23.59500503540039,890538426368.0,0.6575800180435181,1024,1.0,4.0384697914123535
1795,706.1127319335938,1024,-47857.9375,0.0,-46.73626708984375,-5.58865213394165,False,nan,nan,nan,False,nan,nan,nan,False,nan,1593877.625,23.96316146850586,1008000172032.0,0.6698401570320129,1024,1.0,4.035640716552734
1800,707.0933227539062,1024,-46955.78125,0.0,-45.855255126953125,-3.6030900478363037,False,nan,nan,nan,False,nan,nan,nan,False,nan,1624666.125,23.29551124572754,1013990227968.0,0.68723464012146,1024,1.0,3.9756882190704346
1805,708.073486328125,1024,-45286.859375,0.0,-44.22544860839844,-0.8438873887062073,False,nan,nan,nan,False,nan,nan,nan,False,nan,1722890.25,23.38606071472168,981438889984.0,0.7093389630317688,1024,1.0,3.888040781021118
1810,709.0518798828125,1024,-43749.9140625,0.0,-42.724525451660156,0.0,False,nan,nan,nan,False,nan,nan,nan,False,nan,1717022.0,17.981897354125977,1036772114432.0,0.7246294617652893,1024,1.0,3.781125783920288
1815,710.032958984375,1024,-42826.359375,0.0,-41.82261657714844,0.0,False,nan,nan,nan,False,nan,nan,nan,False,nan,2067083.875,24.360149383544922,1135623012352.0,0.742099940776825,1024,1.0,3.738396406173706
1820,711.0122680664062,1024,-40823.6953125,0.0,-39.86688995361328,0.0,False,nan,nan,nan,False,nan,nan,nan,False,nan,2342267.0,18.447750091552734,1068465520640.0,0.7708528637886047,1024,1.0,3.4150893688201904
1825,711.9883422851562,1024,-38540.875,0.0,-37.6375732421875,0.0,False,nan,nan,nan,False,nan,nan,nan,False,nan,2347859.25,24.962013244628906,962142404608.0,0.7898542284965515,1024,1.0,3.3342103958129883
1830,712.9656982421875,1024,-35770.6328125,0.0,-34.93225860595703,0.0,False,nan,nan,nan,False,nan,nan,nan,False,nan,2214289.25,24.30354118347168,797173940224.0,0.8251814246177673,1024,1.0,3.2204575538635254
1835,713.942138671875,1024,-32003.24609375,0.0,-31.253170013427734,0.0,False,nan,nan,nan,False,nan,nan,nan,False,nan,2212652.75,17.79288101196289,632034951168.0,0.8545660376548767,1024,1.0,3.121692419052124
1840,714.921142578125,1024,-28326.712890625,0.0,-27.662805557250977,0.0,False,nan,nan,nan,False,nan,nan,nan,False,nan,2148776.75,20.071794509887695,470945464320.0,0.8852036595344543,1024,1.0,2.9930901527404785
1845,715.9044799804688,1024,-24393.154296875,0.0,-23.821439743041992,0.0,False,nan,nan,nan,False,nan,nan,nan,False,nan,2070641.25,23.96316146850586,296741437440.0,0.9359369277954102,1024,1.0,2.823518753051758
1850,716.8789672851562,1024,-20044.580078125,0.0,-19.574785232543945,0.0,False,nan,nan,nan,False,nan,nan,nan,False,nan,2334695.5,19.37386131286621,191650643968.0,1.0112520456314087,1024,1.0,2.628373622894287
1855,717.8561401367188,1024,-15384.18359375,0.0,-15.023616790771484,0.0,False,nan,nan,nan,False,nan,nan,nan,False,nan,2316150.5,19.568096160888672,97106714624.0,1.127825140953064,1024,1.0,2.5152735710144043
1860,718.8331909179688,1024,-8158.748046875,0.0,-7.967527389526367,0.0,False,nan,nan,nan,False,nan,nan,nan,False,nan,871115.5,23.621170043945312,13568700416.0,1.3738237619400024,1024,1.0,2.643803119659424
1865,719.8118896484375,1024,-624.0564575195312,0.0,-0.6094301342964172,0.0,False,nan,nan,nan,False,nan,nan,nan,False,nan,36800.5,7.928415775299072,120359672.0,3.206500291824341,1024,1.0,2.856171131134033
1870,720.7815551757812,1024,0.0,0.0,0.0,0.0,False,nan,nan,nan,False,nan,nan,nan,False,nan,231.98426818847656,3.406515121459961,6332028.0,inf,1024,1.0,3.013883590698242
1875,721.7553100585938,1024,0.0,0.0,0.0,0.0,False,nan,nan,nan,False,nan,nan,nan,False,nan,231.98426818847656,3.1636221408843994,6332028.0,inf,1024,1.0,3.013883590698242
1880,722.7293090820312,1024,0.0,0.0,0.0,0.0,False,nan,nan,nan,False,nan,nan,nan,False,nan,231.98426818847656,3.869274139404297,6332028.0,inf,1024,1.0,3.013883590698242
1885,723.705810546875,1024,0.0,0.0,0.0,0.0,False,nan,nan,nan,False,nan,nan,nan,False,nan,231.98426818847656,3.1487882137298584,6332028.0,inf,1024,1.0,3.013883590698242
1890,724.6776123046875,1024,0.0,0.0,0.0,0.0,False,nan,nan,nan,False,nan,nan,nan,False,nan,231.98426818847656,3.8756089210510254,6332028.0,inf,1024,1.0,3.013883590698242
1895,725.6458740234375,1024,0.0,0.0,0.0,0.0,False,nan,nan,nan,False,nan,nan,nan,False,nan,231.98426818847656,3.493748903274536,6332028.0,inf,1024,1.0,3.013883590698242
1900,726.6153564453125,1024,0.0,0.0,0.0,0.0,True,nan,nan,nan,False,nan,nan,nan,False,0.05000000074505806,231.98426818847656,3.4233553409576416,6332028.0,inf,1024,1.0,3.013883590698242
1905,758.6165161132812,1024,-51543.125,0.0,-50.3350830078125,-6.294146537780762,False,nan,nan,nan,False,nan,nan,nan,False,nan,2107446.75,9.866382598876953,199564525568.0,0.42187604308128357,1024,1.0,3.1483705043792725
1910,759.6022338867188,1024,-47869.62890625,0.0,-46.747684478759766,0.0,False,nan,nan,nan,False,nan,nan,nan,False,nan,23055418.0,9.866382598876953,1523402014720.0,0.5763277411460876,1024,1.0,2.9409170150756836
1915,760.5933837890625,1024,-43791.8984375,0.0,-42.765525817871094,0.0,False,nan,nan,nan,False,nan,nan,nan,False,nan,51056096.0,26.04845428466797,4285614260224.0,0.6753730177879333,1024,1.0,2.8231375217437744
1920,761.5786743164062,1024,-39684.3125,0.0,-38.75421142578125,0.0,False,nan,nan,nan,False,nan,nan,nan,False,nan,54170372.0,24.570112228393555,7022140981248.0,0.7477625012397766,1024,1.0,2.7774417400360107
1925,762.5635986328125,1024,-35068.4609375,0.0,-34.246543884277344,0.0,False,nan,nan,nan,False,nan,nan,nan,False,nan,57716388.0,22.44660186767578,9330857345024.0,0.8186243176460266,1024,1.0,2.6854662895202637
1930,765.0714111328125,1024,-30128.552734375,0.0,-29.422414779663086,0.0,False,nan,nan,nan,False,nan,nan,nan,False,nan,109110880.0,24.251300811767578,10282402316288.0,0.8894917964935303,1024,1.0,2.5425710678100586
1935,766.0488891601562,1024,-24349.314453125,0.0,-23.778627395629883,0.0,False,nan,nan,nan,False,nan,nan,nan,False,nan,89976688.0,24.629528045654297,6852359225344.0,0.949812114238739,1024,1.0,2.398007869720459
1940,767.0244750976562,1024,-17974.82421875,0.0,-17.553539276123047,0.0,False,nan,nan,nan,False,nan,nan,nan,False,nan,90504232.0,24.508943557739258,4090716749824.0,1.0607930421829224,1024,1.0,2.158329486846924
1945,768.0001220703125,1024,-10689.84765625,0.0,-10.43930435180664,0.0,False,nan,nan,nan,False,nan,nan,nan,False,nan,102455416.0,26.31932258605957,1411873767424.0,1.2239476442337036,1024,1.0,1.8658840656280518
1950,768.9932861328125,1024,-3444.11865234375,0.0,-3.3633971214294434,0.0,False,nan,nan,nan,False,nan,nan,nan,False,nan,65570132.0,24.440746307373047,116435795968.0,1.7170137166976929,1024,1.0,1.7196381092071533
1955,769.9776611328125,1024,0.0,0.0,0.0,0.0,False,nan,nan,nan,False,nan,nan,nan,False,nan,359.7888488769531,3.4578702449798584,12528686.0,inf,1024,1.0,2.674781084060669
1960,770.9630126953125,1024,0.0,0.0,0.0,0.0,False,nan,nan,nan,False,nan,nan,nan,False,nan,359.7888488769531,3.529186248779297,12528686.0,inf,1024,1.0,2.674781084060669
1965,771.9419555664062,1024,0.0,0.0,0.0,0.0,False,nan,nan,nan,False,nan,nan,nan,False,nan,359.7888488769531,3.528731107711792,12528686.0,inf,1024,1.0,2.674781084060669
1970,772.9273071289062,1024,0.0,0.0,0.0,0.0,False,nan,nan,nan,False,nan,nan,nan,False,nan,359.7888488769531,2.9275341033935547,12528686.0,inf,1024,1.0,2.674781084060669
1975,773.9083251953125,1024,0.0,0.0,0.0,0.0,False,nan,nan,nan,False,nan,nan,nan,False,nan,359.7888488769531,3.4720633029937744,12528686.0,inf,1024,1.0,2.674781084060669
1980,774.8917846679688,1024,0.0,0.0,0.0,0.0,False,nan,nan,nan,False,nan,nan,nan,False,nan,359.7888488769531,3.5265603065490723,12528686.0,inf,1024,1.0,2.674781084060669
1985,775.8744506835938,1024,0.0,0.0,0.0,0.0,False,nan,nan,nan,False,nan,nan,nan,False,nan,359.7888488769531,3.5959689617156982,12528686.0,inf,1024,1.0,2.674781084060669
1990,776.8524780273438,1024,0.0,0.0,0.0,0.0,False,nan,nan,nan,False,nan,nan,nan,False,nan,359.7888488769531,3.538470983505249,12528686.0,inf,1024,1.0,2.674781084060669
1995,777.8313598632812,1024,0.0,0.0,0.0,0.0,False,nan,nan,nan,False,nan,nan,nan,False,nan,359.7888488769531,3.538470983505249,12528686.0,inf,1024,1.0,2.674781084060669
2000,778.82080078125,1024,0.0,0.0,0.0,0.0,False,nan,nan,nan,False,nan,nan,nan,False,nan,359.7888488769531,3.483743190765381,12528686.0,inf,1024,1.0,2.674781084060669
